DateTime,Number of sales,Average USD,Sales USD,Active market wallets,Unique buyers
2020-11-27,1577.0,32.21,50793.59,111.0,110.0
2020-11-28,923.0,23.8,21966.6,184.0,180.0
2020-11-29,324.0,25.57,8285.57,74.0,72.0
2020-11-30,63.0,39.63,2496.48,22.0,17.0
2020-12-01,80.0,26.13,2090.09,20.0,17.0
2020-12-02,251.0,22.74,5707.13,33.0,27.0
2020-12-03,220.0,22.21,4885.18,27.0,22.0
2020-12-04,358.0,23.81,8525.22,36.0,31.0
2020-12-05,312.0,20.19,6297.88,26.0,24.0
2020-12-06,157.0,19.1,2998.9,20.0,19.0
2020-12-07,131.0,20.96,2745.26,23.0,21.0
2020-12-08,53.0,18.34,971.82,15.0,13.0
2020-12-09,120.0,22.07,2647.83,25.0,21.0
2020-12-10,233.0,18.46,4300.51,32.0,29.0
2020-12-11,90.0,19.02,1711.63,19.0,16.0
2020-12-12,831.0,26.98,22420.2,97.0,93.0
2020-12-13,149.0,43.04,6412.59,47.0,38.0
2020-12-14,90.0,23.26,2093.53,22.0,16.0
2020-12-15,84.0,27.84,2338.8,28.0,22.0
2020-12-16,32.0,27.82,890.33,16.0,11.0
2020-12-17,12.0,37.29,447.5,9.0,6.0
2020-12-18,93.0,46.95,4366.66,31.0,28.0
2020-12-19,82.0,31.91,2616.31,24.0,16.0
2020-12-20,128.0,33.33,4266.51,19.0,14.0
2020-12-21,208.0,60.4,12563.24,51.0,48.0
2020-12-22,109.0,22.63,2466.62,12.0,8.0
2020-12-23,65.0,16.1,1046.3,63.0,56.0
2020-12-24,139.0,24.11,3351.48,24.0,15.0
2020-12-25,56.0,20.4,1142.35,16.0,10.0
2020-12-26,211.0,21.85,4609.8,25.0,20.0
2020-12-27,465.0,27.41,12745.82,33.0,23.0
2020-12-28,32.0,30.93,989.8,17.0,10.0
2020-12-29,33.0,26.2,864.49,19.0,14.0
2020-12-30,9.0,100.3,902.73,14.0,7.0
2020-12-31,44.0,64.08,2819.7,22.0,16.0
2021-01-01,1127.0,80.87,91139.68,140.0,134.0
2021-01-02,201.0,94.98,19090.64,54.0,39.0
2021-01-03,58.0,523.61,30369.26,37.0,20.0
2021-01-04,9.0,843.98,7595.84,14.0,9.0
2021-01-05,23.0,364.65,8386.93,21.0,12.0
2021-01-06,16.0,109.19,1747.08,18.0,11.0
2021-01-07,5.0,457.72,2288.62,10.0,5.0
2021-01-08,608.0,274.96,167176.82,142.0,133.0
2021-01-09,97.0,349.8,33930.32,58.0,36.0
2021-01-10,147.0,341.68,50226.9,61.0,39.0
2021-01-11,15.0,66.88,1003.24,17.0,12.0
2021-01-12,131.0,127.26,16671.48,63.0,43.0
2021-01-13,343.0,83.55,28658.25,66.0,46.0
2021-01-14,287.0,60.38,17327.91,41.0,29.0
2021-01-15,760.0,45.98,34947.93,48.0,37.0
2021-01-16,1858.0,84.3,156621.23,212.0,195.0
2021-01-17,74.0,438.54,32452.31,64.0,37.0
2021-01-18,120.0,369.2,44303.56,73.0,42.0
2021-01-19,37.0,560.37,20733.6,35.0,18.0
2021-01-20,250.0,55.56,13889.29,36.0,20.0
2021-01-21,459.0,130.79,60030.62,115.0,108.0
2021-01-22,55.0,191.7,10543.3,27.0,15.0
2021-01-23,65.0,69.09,4490.69,28.0,15.0
2021-01-24,28.0,153.62,4301.38,29.0,16.0
2021-01-25,35.0,317.8,11123.06,33.0,17.0
2021-01-26,462.0,180.8,83530.92,124.0,118.0
2021-01-27,40.0,526.27,21050.99,47.0,24.0
2021-01-28,19.0,465.48,8844.16,22.0,13.0
2021-01-29,22.0,378.51,8327.13,27.0,9.0
2021-01-30,10.0,215.16,2151.56,14.0,8.0
2021-01-31,1086.0,167.92,182358.55,212.0,203.0
2021-02-01,79.0,875.12,69134.61,70.0,27.0
2021-02-02,64.0,1378.72,88238.08,56.0,21.0
2021-02-03,27.0,498.29,13453.79,36.0,20.0
2021-02-04,43.0,519.04,22318.78,49.0,23.0
2021-02-05,18.0,455.62,8201.21,29.0,14.0
2021-02-06,7.0,5539.29,38775.01,13.0,7.0
2021-02-07,506.0,384.59,194601.27,140.0,125.0
2021-02-08,240.0,303.67,72881.06,104.0,78.0
2021-02-09,92.0,672.47,61867.18,59.0,31.0
2021-02-10,66.0,745.71,49216.54,62.0,28.0
2021-02-11,79.0,314.0,24806.33,55.0,36.0
2021-02-12,46.0,377.96,17386.16,45.0,28.0
2021-02-13,523.0,319.96,167338.56,183.0,170.0
2021-02-14,178.0,945.32,168266.22,119.0,64.0
2021-02-15,485.0,470.62,228249.36,173.0,125.0
2021-02-16,353.0,522.67,184504.1,171.0,118.0
2021-02-17,360.0,383.45,138043.42,151.0,84.0
2021-02-18,166.0,537.92,89294.81,109.0,70.0
2021-02-19,988.0,413.18,408223.14,307.0,269.0
2021-02-20,450.0,851.44,383145.77,204.0,131.0
2021-02-21,1401.0,428.26,599991.55,353.0,263.0
2021-02-22,417.0,1846.38,769939.75,260.0,176.0
2021-02-23,880.0,733.88,645817.48,300.0,186.0
2021-02-24,670.0,1474.64,988005.92,355.0,221.0
2021-02-25,136.0,1619.4,220239.07,131.0,67.0
2021-02-26,145.0,1812.42,262801.13,125.0,63.0
2021-02-27,790.0,1154.98,912437.53,406.0,364.0
2021-02-28,715.0,1173.65,839158.13,353.0,309.0
2021-03-01,532.0,1194.0,635208.17,382.0,332.0
2021-03-02,1224.0,407.28,498506.97,559.0,520.0
2021-03-03,198.0,1833.95,363121.86,203.0,99.0
2021-03-04,125.0,3264.57,408071.47,157.0,85.0
2021-03-05,893.0,594.62,530997.81,695.0,666.0
2021-03-06,155.0,2384.24,369557.13,215.0,114.0
2021-03-07,68.0,2029.89,138032.2,98.0,48.0
2021-03-08,93.0,1755.87,163296.18,118.0,55.0
2021-03-09,84.0,2166.18,181958.86,83.0,43.0
2021-03-10,66.0,2556.0,168695.94,83.0,38.0
2021-03-11,88.0,2545.2,223977.58,102.0,44.0
2021-03-12,83.0,2189.32,181713.9,98.0,44.0
2021-03-13,41.0,2383.81,97736.13,57.0,28.0
2021-03-14,45.0,5282.32,237704.25,54.0,25.0
2021-03-15,47.0,1180.58,55487.07,67.0,33.0
2021-03-16,51.0,1750.35,89267.84,65.0,31.0
2021-03-17,1656.0,272.0,450432.43,1528.0,1511.0
2021-03-18,322.0,1762.88,567646.37,324.0,130.0
2021-03-19,113.0,1524.24,172238.97,151.0,66.0
2021-03-20,1200.0,327.91,393496.31,1036.0,1015.0
2021-03-21,459.0,736.48,338045.71,360.0,281.0
2021-03-22,541.0,604.76,327174.98,332.0,293.0
2021-03-23,198.0,558.45,110573.72,148.0,107.0
2021-03-24,111.0,1035.2,114907.2,97.0,56.0
2021-03-25,87.0,1137.96,99002.24,77.0,45.0
2021-03-26,88.0,768.77,67651.95,74.0,46.0
2021-03-27,85.0,636.57,54108.06,82.0,48.0
2021-03-28,850.0,273.43,232417.97,478.0,432.0
2021-03-29,511.0,420.72,214988.72,293.0,250.0
2021-03-30,188.0,497.17,93467.36,158.0,109.0
2021-03-31,292.0,527.49,154027.72,228.0,184.0
2021-04-01,196.0,579.31,113545.09,165.0,93.0
2021-04-02,261.0,818.4,213602.83,200.0,128.0
2021-04-03,163.0,1213.97,197877.74,124.0,75.0
2021-04-04,193.0,615.23,118739.39,143.0,74.0
2021-04-05,528.0,361.3,190767.22,442.0,405.0
2021-04-06,305.0,1097.59,334766.39,224.0,179.0
2021-04-07,572.0,471.38,269630.51,208.5,284.0
2021-04-08,255.0,776.69,198056.95,193.0,128.0
2021-04-09,232.0,1380.13,320189.82,192.0,117.0
2021-04-10,791.0,700.3,553938.38,621.0,563.0
2021-04-11,474.0,991.75,470087.76,355.0,231.0
2021-04-12,213.0,1010.83,215306.23,205.0,122.0
2021-04-13,345.0,862.69,297626.46,209.0,136.0
2021-04-14,528.0,539.97,285103.76,297.0,238.0
2021-04-15,108.0,1696.86,183260.43,117.0,64.0
2021-04-16,729.0,468.35,341426.34,505.0,476.0
2021-04-17,86.0,1209.39,104007.86,99.0,54.0
2021-04-18,65.0,1087.7,70700.73,75.0,39.0
2021-04-19,77.0,669.11,51521.38,74.0,37.0
2021-04-20,45.0,528.24,23770.87,62.0,37.0
2021-04-21,82.0,1162.22,95302.33,93.0,50.0
2021-04-22,48.0,1882.88,90378.39,66.0,33.0
2021-04-23,878.0,699.26,613950.81,565.0,550.0
2021-04-24,299.0,583.05,174332.22,176.0,117.0
2021-04-25,159.0,980.72,155934.25,118.0,71.0
2021-04-26,395.0,577.47,228101.3,226.0,168.0
2021-04-27,134.0,1661.79,222679.52,134.0,74.0
2021-04-28,85.0,991.41,84269.72,97.0,49.0
2021-04-29,153.0,439.15,67190.5,113.0,73.0
2021-04-30,814.0,489.09,398116.16,657.0,628.0
2021-05-01,460.0,561.76,258408.68,291.0,211.0
2021-05-02,133.0,871.03,115847.32,139.0,69.0
2021-05-03,85.0,1524.7,129599.1,107.0,50.0
2021-05-04,171.0,450.22,76987.55,128.0,98.0
2021-05-05,101.0,412.86,41698.72,97.0,66.0
2021-05-06,65.0,1271.99,82679.29,83.0,48.0
2021-05-07,478.0,726.35,347194.47,391.0,357.0
2021-05-08,97.0,659.3,63951.71,98.0,61.0
2021-05-09,90.0,819.34,73740.75,81.0,65.0
2021-05-10,21.0,4702.67,98756.08,35.0,20.0
2021-05-11,6.0,4994.22,29965.31,12.0,6.0
2021-05-12,12.0,14890.08,178680.97,20.0,11.0
2021-05-13,39.0,1016.06,39626.23,47.0,20.0
2021-05-14,1115.0,559.35,623674.66,726.0,702.0
2021-05-15,171.0,1017.61,174010.86,159.0,85.0
2021-05-16,65.0,1607.97,104517.83,77.0,31.0
2021-05-17,99.0,1367.79,135410.96,118.0,57.0
2021-05-18,174.0,1028.04,178879.3,191.0,103.0
2021-05-19,110.0,1046.83,115150.91,112.0,51.0
2021-05-20,110.0,766.25,84287.27,117.0,63.0
2021-05-21,343.0,595.87,204384.25,262.0,205.0
2021-05-22,296.0,332.74,98490.75,173.0,136.0
2021-05-23,77.0,824.09,63454.95,83.0,51.0
2021-05-24,151.0,375.08,56636.51,127.0,72.0
2021-05-25,176.0,855.12,150501.27,139.0,74.0
2021-05-26,48.0,674.58,32379.83,62.0,35.0
2021-05-27,68.0,451.36,30692.71,84.0,42.0
2021-05-28,571.0,281.63,160811.8,406.0,371.0
2021-05-29,688.0,225.55,155175.7,312.0,282.0
2021-05-30,73.0,461.65,33700.15,95.0,47.0
2021-05-31,438.0,262.33,114900.75,220.0,183.0
2021-06-01,403.0,435.3,175426.79,186.0,153.0
2021-06-02,62.0,695.65,43130.26,88.0,45.0
2021-06-03,83.0,1179.55,97902.76,101.0,48.0
2021-06-04,61.0,451.26,27527.08,79.0,45.0
2021-06-05,31.0,478.5,14833.55,51.0,25.0
2021-06-06,46.0,476.33,21911.3,50.0,23.0
2021-06-07,37.0,1083.93,40105.52,54.0,26.0
2021-06-08,40.0,1876.19,75047.67,51.0,29.0
2021-06-09,48.0,2251.17,108056.18,61.0,29.0
2021-06-10,79.0,1319.7,104256.31,93.0,39.0
2021-06-11,1252.0,608.82,762239.08,1067.0,1039.0
2021-06-12,260.0,1089.4,283243.51,202.0,85.0
2021-06-13,386.0,502.75,194061.14,273.0,167.0
2021-06-14,86.0,1625.55,139797.58,111.0,48.0
2021-06-15,227.0,2492.58,565814.55,206.0,88.0
2021-06-16,376.0,902.02,339160.5,279.0,156.0
2021-06-17,275.0,1651.72,454222.11,220.0,113.0
2021-06-18,1314.0,537.2,705884.84,910.0,839.0
2021-06-19,253.0,944.17,238874.16,231.0,131.0
2021-06-20,501.0,943.25,472569.97,305.0,215.0
2021-06-21,428.0,1438.52,615686.38,334.0,120.0
2021-06-22,332.0,1796.28,596364.57,317.0,121.0
2021-06-23,435.0,994.26,432502.34,356.0,193.0
2021-06-24,2119.0,417.11,883859.74,586.0,450.0
2021-06-25,2016.0,708.81,1428953.83,1374.0,1217.0
2021-06-26,1304.0,506.72,660764.37,531.0,342.0
2021-06-27,633.0,868.93,550035.53,460.0,261.0
2021-06-28,1616.0,597.37,965354.96,882.0,559.0
2021-06-29,762.0,1057.07,805486.73,598.0,351.0
2021-06-30,903.0,949.55,857443.08,749.0,610.0
2021-07-01,399.0,1517.2,605362.98,418.0,213.0
2021-07-02,1394.0,657.91,917128.65,967.0,762.0
2021-07-03,1012.0,759.43,768545.16,872.0,716.0
2021-07-04,373.0,1166.06,434939.46,362.0,199.0
2021-07-05,1582.0,388.35,614362.97,1238.0,1137.0
2021-07-06,189.0,2189.98,413905.84,259.0,115.0
2021-07-07,1316.0,409.93,539469.64,800.0,689.0
2021-07-08,255.0,1800.11,459027.42,309.0,137.0
2021-07-09,659.0,748.85,493491.79,576.0,442.0
2021-07-10,1320.0,431.35,569382.37,706.0,576.0
2021-07-11,1016.0,509.75,517908.47,645.0,528.0
2021-07-12,315.0,2204.25,694337.31,342.0,168.0
2021-07-13,713.0,1533.37,1093289.93,542.0,317.0
2021-07-14,831.0,1224.63,1017664.84,779.0,579.0
2021-07-15,1271.0,2143.05,2723815.11,1006.0,709.0
2021-07-16,1620.0,2266.53,3671776.81,1199.0,637.0
2021-07-17,3350.0,835.84,2800072.32,1975.0,1542.0
2021-07-18,930.0,1486.1,1382074.95,828.0,400.0
2021-07-19,1437.0,1112.69,1598932.91,1143.0,834.0
2021-07-20,469.0,1579.74,740896.19,477.0,234.0
2021-07-21,1423.0,903.32,1285424.47,1133.0,933.0
2021-07-22,553.0,1918.97,1061188.63,582.0,284.0
2021-07-23,1942.0,1213.2,2356043.61,1564.0,1380.0
2021-07-24,514.0,2639.83,1356871.26,488.0,245.0
2021-07-25,747.0,4610.66,3444164.86,630.0,269.0
2021-07-26,2136.0,3294.07,7036134.33,1249.0,782.0
2021-07-27,2880.0,1603.79,4618928.29,1453.0,926.0
2021-07-28,1583.0,2377.96,3764306.88,1239.0,998.0
2021-07-29,666.0,4686.93,3121494.22,590.0,293.0
2021-07-30,1922.0,2074.37,3986947.86,1504.0,1285.0
2021-07-31,6290.0,2351.76,14792571.64,2505.0,2161.0
2021-08-01,4983.0,3610.36,17990439.76,3069.0,2237.0
2021-08-02,8477.0,1021.28,8657352.72,3753.0,3250.0
2021-08-03,2258.0,1929.97,4357882.48,1779.0,1301.0
2021-08-04,1950.0,3373.22,6577781.61,1637.0,1164.0
2021-08-05,827.0,4379.3,3621678.64,937.0,427.0
2021-08-06,1354.0,5989.7,8110054.42,1438.0,937.0
2021-08-07,1331.0,4595.23,6116257.23,1245.0,832.0
2021-08-08,1183.0,5816.14,6880489.0,1126.0,843.0
2021-08-09,2460.0,4121.77,10139564.7,1758.0,1427.0
2021-08-10,770.0,14186.17,10923347.94,938.0,469.0
2021-08-11,2445.0,3483.82,8517929.94,1692.0,1310.0
2021-08-12,676.0,11129.19,7523334.37,813.0,365.0
2021-08-13,472.0,7828.55,3695076.36,640.0,289.0
2021-08-14,1565.0,11407.64,17852950.74,1356.0,875.0
2021-08-15,1282.0,7655.2,9813964.54,1348.0,606.0
2021-08-16,1464.0,5991.04,8770878.66,1450.0,858.0
2021-08-17,2149.0,4730.04,10164854.42,1951.0,1538.0
2021-08-18,1879.0,7971.12,14977728.69,1747.0,1419.0
2021-08-19,843.0,5954.4,5019558.75,998.0,463.0
2021-08-20,2127.0,12715.7,27046284.51,1895.0,1583.0
2021-08-21,4137.0,11432.07,47294477.78,2683.5,2127.0
2021-08-22,4161.0,8073.84,33595257.56,3472.0,1870.0
2021-08-23,7258.0,9356.04,67906143.53,5117.0,3699.0
2021-08-24,4398.0,11181.79,49177501.15,4014.0,2336.0
2021-08-25,3458.0,10535.96,36433361.62,2984.0,2263.0
2021-08-26,2212.0,15786.94,34920713.86,2305.0,1247.0
2021-08-27,3206.0,22219.19,71234730.44,3172.0,2273.0
2021-08-28,3352.0,15008.14,50307287.95,2914.0,2236.0
2021-08-29,1157.0,16486.29,19074638.85,1480.0,736.0
2021-08-30,4454.0,11052.48,49227754.8,3513.0,2659.0
2021-08-31,1270.0,18146.9,23046560.85,1567.0,754.0
2021-09-01,2185.0,9119.67,19926484.18,1781.0,1386.0
2021-09-02,606.0,16289.01,9871137.36,866.0,438.0
2021-09-03,1679.0,14889.25,24999051.6,1718.0,1415.0
2021-09-04,452.0,16353.43,7391748.47,669.0,324.0
2021-09-05,286.0,14688.72,4200974.66,435.0,207.0
2021-09-06,284.0,11205.77,3182438.73,379.0,181.0
2021-09-07,1298.0,2593.75,3366681.16,958.0,815.0
2021-09-08,325.0,15827.5,5143935.92,463.0,208.0
2021-09-09,1451.0,1927.32,2796548.3,965.0,826.0
2021-09-10,607.0,4018.05,2438957.29,671.0,523.0
2021-09-11,248.0,4935.2,1223930.31,353.0,165.0
2021-09-12,175.0,6862.23,1200890.15,266.0,128.0
2021-09-13,1895.0,11981.8,22705505.17,1572.0,1455.0
2021-09-14,2656.0,3932.21,10443942.13,1711.0,1405.0
2021-09-15,394.0,22820.01,8991082.89,524.0,260.0
2021-09-16,1462.0,12916.57,18884031.84,1445.0,1046.0
2021-09-17,685.0,5511.61,3775455.56,836.0,479.0
2021-09-18,253.0,20273.87,5129289.84,374.0,156.0
2021-09-19,203.0,9983.94,2026739.21,315.0,152.0
2021-09-20,181.0,21637.25,3916342.09,262.0,114.0
2021-09-21,1520.0,8910.74,13544327.54,1480.0,1302.0
2021-09-22,1303.0,2271.44,2959681.42,1080.0,830.0
2021-09-23,1159.0,3192.88,3700551.07,1119.0,724.0
2021-09-24,1864.0,1862.59,3471858.48,1666.0,1487.0
2021-09-25,307.0,5630.07,1728430.36,453.0,226.0
2021-09-26,312.0,22883.2,7139557.24,429.0,207.0
2021-09-27,2925.0,12561.42,36742167.84,2394.0,2204.0
2021-09-28,2612.0,14669.88,38317730.56,2191.0,1939.0
2021-09-29,435.0,25849.83,11244675.41,640.0,349.0
2021-09-30,1183.0,9118.85,10787593.67,1089.0,902.0
2021-10-01,2634.0,5160.81,13593562.3,1939.0,1666.0
2021-10-02,909.0,15381.54,13981818.18,1063.0,667.0
2021-10-03,426.0,12846.53,5472621.47,592.0,299.0
2021-10-04,316.0,11421.28,3609124.62,455.0,214.0
2021-10-05,504.0,5004.83,2522432.79,485.0,319.0
2021-10-06,1493.0,2112.43,3153862.43,1362.0,1275.0
2021-10-07,273.0,13959.94,3811064.02,423.0,215.0
2021-10-08,250.0,9443.47,2360868.07,355.0,172.0
2021-10-09,258.0,14810.26,3821046.02,391.0,185.0
2021-10-10,252.0,12811.74,3228559.42,372.0,173.0
2021-10-11,192.0,12043.79,2312408.23,291.0,129.0
2021-10-12,201.0,7742.73,1556288.18,295.0,145.0
2021-10-13,1320.0,2611.91,3447716.52,987.0,820.0
2021-10-14,277.0,9528.3,2639340.45,374.0,166.0
2021-10-15,353.0,6182.4,2182386.15,383.0,230.0
2021-10-16,206.0,3452.38,711190.98,231.0,139.0
2021-10-17,151.0,9102.75,1374515.01,188.0,93.0
2021-10-18,95.0,9641.56,915948.4,149.0,74.0
2021-10-19,909.0,4297.73,3906639.53,676.0,598.0
2021-10-20,238.0,3504.14,833986.27,281.0,183.0
2021-10-21,1797.0,1835.98,3299256.92,1188.0,1096.0
2021-10-22,206.0,5101.03,1050811.45,312.0,157.0
2021-10-23,177.0,11349.82,2008918.08,242.0,104.0
2021-10-24,138.0,14011.33,1933563.07,216.0,99.0
2021-10-25,111.0,16010.25,1777137.42,181.0,85.0
2021-10-26,247.0,6647.6,1641958.23,267.0,163.0
2021-10-27,99.0,5045.91,499544.65,135.0,78.0
2021-10-28,160.0,3711.17,593787.13,187.0,119.0
2021-10-29,693.0,2287.05,1584924.1,466.0,406.0
2021-10-30,678.0,1735.77,1176852.96,513.0,414.0
2021-10-31,135.0,2746.19,370735.07,174.0,67.0
2021-11-01,99.0,4585.61,453975.61,137.0,69.0
2021-11-02,156.0,14551.19,2269985.42,156.0,88.0
2021-11-03,161.0,5862.68,943891.18,147.0,76.0
2021-11-04,137.0,8718.86,1194483.37,177.0,96.0
2021-11-05,466.0,3745.97,1745619.97,368.0,279.0
2021-11-06,205.0,3303.34,677185.26,197.0,126.0
2021-11-07,187.0,5843.59,1092750.78,202.0,107.0
2021-11-08,1638.0,14122.25,23132238.26,1311.0,1225.0
2021-11-09,364.0,11325.54,4122497.28,480.0,267.0
2021-11-10,173.0,14514.64,2511033.55,241.0,128.0
2021-11-11,303.0,3826.8,1159520.27,321.0,168.0
2021-11-12,395.0,10321.45,4076974.63,337.0,203.0
2021-11-13,443.0,8303.15,3678295.33,387.0,252.0
2021-11-14,542.0,7677.74,4161334.18,516.0,335.0
2021-11-15,1960.0,6722.25,13175619.57,1391.0,1280.0
2021-11-16,2693.0,1534.62,4132724.97,1794.0,1605.0
2021-11-17,847.0,4828.2,4089485.65,939.0,435.0
2021-11-18,167.0,9134.58,1525475.62,270.0,122.0
2021-11-19,484.0,3043.01,1472817.54,491.0,235.0
2021-11-20,359.0,2960.5,1062820.92,396.0,210.0
2021-11-21,262.0,4113.59,1077761.45,316.0,155.0
2021-11-22,1416.0,3170.84,4489913.18,1003.0,909.0
2021-11-23,802.0,1568.34,1257810.2,645.0,492.0
2021-11-24,269.0,2312.82,622148.23,292.0,176.0
2021-11-25,136.0,3276.24,445568.63,186.0,97.0
2021-11-26,142.0,3233.22,459116.92,205.0,110.0
2021-11-27,184.0,2314.25,425822.65,250.0,145.0
2021-11-28,126.0,2551.8,321527.38,188.0,86.0
2021-11-29,1649.0,4741.14,7818139.32,1214.0,1080.0
2021-11-30,407.0,6115.51,2489013.29,521.0,255.0
2021-12-01,129.0,10179.96,1313214.47,172.0,72.0
2021-12-02,191.0,3270.09,624586.76,216.0,136.0
2021-12-03,94.0,4705.73,442338.36,142.0,72.0
2021-12-04,117.0,3849.34,450372.65,166.0,83.0
2021-12-05,167.0,3001.76,501294.44,194.0,104.0
2021-12-06,1774.0,2395.7,4249970.4,1115.0,998.0
2021-12-07,1405.0,2508.11,3523887.56,1126.0,924.0
2021-12-08,526.0,2482.31,1305696.33,609.0,338.0
2021-12-09,1381.0,2878.99,3975881.95,1171.0,1017.0
2021-12-10,356.0,2557.41,910439.45,455.0,269.0
2021-12-11,238.0,2700.75,642777.32,300.0,154.0
2021-12-12,189.0,2566.57,485082.59,254.0,135.0
2021-12-13,1697.0,3617.66,6139171.27,1353.0,1236.0
2021-12-14,1753.0,1111.15,1947837.52,1273.0,1078.0
2021-12-15,444.0,2876.04,1276963.82,486.0,251.0
2021-12-16,517.0,2116.75,1094360.3,545.0,303.0
2021-12-17,884.0,1788.41,1580953.83,747.0,546.0
2021-12-18,494.0,1602.63,791698.26,449.0,255.0
2021-12-19,260.0,2169.7,564120.91,326.0,155.0
2021-12-20,1888.0,3867.21,7301291.36,1656.0,1458.0
2021-12-21,585.0,1929.3,1128642.89,622.0,335.0
2021-12-22,530.0,3078.08,1631380.9,544.0,251.0
2021-12-23,382.0,4189.83,1600516.87,456.0,191.0
2021-12-24,383.0,2630.87,1007623.42,482.0,207.0
2021-12-25,408.0,5961.46,2432276.57,451.0,190.0
2021-12-26,2726.0,1226.51,3343453.33,1357.0,1083.0
2021-12-27,1277.0,4961.27,6335547.89,1352.0,588.0
2021-12-28,422.0,1935.35,816717.88,459.0,220.0
2021-12-29,345.0,5800.02,2001008.24,434.0,208.0
2021-12-30,303.0,2207.63,668910.64,369.0,173.0
2021-12-31,576.0,3428.55,1974843.05,461.0,224.0
2022-01-01,531.0,4079.82,2166382.21,559.0,231.0
2022-01-02,200.0,6582.8,1316559.39,264.0,125.0
2022-01-03,255.0,2470.77,630046.27,252.0,146.0
2022-01-04,128.0,3429.13,438928.87,164.0,81.0
2022-01-05,127.0,4280.63,543639.84,174.0,86.0
2022-01-06,187.0,7017.41,1312254.86,238.0,133.0
2022-01-07,482.0,2041.59,984047.38,437.0,291.0
2022-01-08,141.0,4035.94,569067.61,208.0,104.0
2022-01-09,100.0,7386.59,738658.84,150.0,70.0
2022-01-10,1628.0,8557.04,13930865.19,1360.0,1250.0
2022-01-11,802.0,2156.46,1729483.23,672.0,502.0
2022-01-12,265.0,2548.11,675248.11,340.0,184.0
2022-01-13,202.0,5615.23,1134277.44,278.0,144.0
2022-01-14,138.0,1895.58,261589.59,192.0,101.0
2022-01-15,170.0,3071.2,522103.96,220.0,104.0
2022-01-16,202.0,2417.04,488242.29,234.0,120.0
2022-01-17,163.0,2561.01,417444.66,222.0,111.0
2022-01-18,181.0,3063.09,554419.55,237.0,122.0
2022-01-19,131.0,2288.5,299793.94,171.0,88.0
2022-01-20,190.0,2349.22,446351.28,219.0,121.0
2022-01-21,240.0,2893.0,694320.73,218.0,99.0
2022-01-22,93.0,3778.5,351400.58,145.0,70.0
2022-01-23,70.0,1674.58,117220.59,114.0,53.0
2022-01-24,1417.0,1904.34,2698455.94,891.0,816.0
2022-01-25,294.0,2062.83,606472.75,434.0,202.0
2022-01-26,295.0,2960.26,873277.74,365.0,140.0
2022-01-27,231.0,2976.08,687475.43,303.0,132.0
2022-01-28,714.0,4199.89,2998724.92,679.0,427.0
2022-01-29,421.0,2339.99,985134.06,550.0,230.0
2022-01-30,174.0,3497.89,608633.38,257.0,124.0
2022-01-31,1511.0,4208.44,6358957.59,1089.0,987.0
2022-02-01,593.0,4389.05,2602709.06,803.0,414.0
2022-02-02,232.0,3918.33,909052.88,350.0,156.0
2022-02-03,2927.0,875.38,2562244.55,1976.0,1780.0
2022-02-04,328.0,2673.13,876787.73,446.0,223.0
2022-02-05,192.0,5648.92,1084592.17,277.0,126.0
2022-02-06,163.0,5001.88,815306.15,247.0,106.0
2022-02-07,1315.0,779.91,1025585.49,867.0,752.0
2022-02-08,378.0,2819.76,1065868.63,443.0,278.0
2022-02-09,181.0,6158.9,1114760.71,255.0,106.0
2022-02-10,456.0,4617.59,2105619.32,445.0,289.0
2022-02-11,502.0,2319.42,1164346.69,483.0,322.0
2022-02-12,269.0,5640.08,1517180.62,333.0,153.0
2022-02-13,131.0,6862.67,899009.92,199.0,97.0
2022-02-14,1561.0,1120.79,1749559.21,963.0,880.0
2022-02-15,258.0,2360.37,608974.46,359.0,167.0
2022-02-16,151.0,2011.6,303751.64,219.0,114.0
2022-02-17,151.0,2903.7,438458.51,208.0,94.0
2022-02-18,122.0,3587.7,437699.83,191.0,85.0
2022-02-19,63.0,3787.2,238593.76,104.0,53.0
2022-02-20,48.0,3395.04,162962.06,83.0,39.0
2022-02-21,48.0,3024.22,145162.4,75.0,38.0
2022-02-22,873.0,784.83,685157.73,729.0,679.0
2022-02-23,173.0,3158.13,546356.95,253.0,108.0
2022-02-24,332.0,827.75,274811.38,287.0,200.0
2022-02-25,308.0,688.75,212134.85,292.0,215.0
2022-02-26,138.0,2008.74,277205.67,172.0,75.0
2022-02-27,117.0,3171.36,371049.18,146.0,82.0
2022-02-28,91.0,2373.98,216032.47,129.0,52.0
2022-03-01,1351.0,819.7,1107417.03,945.0,867.0
2022-03-02,162.0,912.18,147772.43,221.0,100.0
2022-03-03,278.0,918.43,255322.52,276.0,182.0
2022-03-04,375.0,368.34,138126.37,275.0,191.0
2022-03-05,150.0,510.04,76506.22,147.0,83.0
2022-03-06,106.0,1473.79,156221.63,133.0,67.0
2022-03-07,110.0,5709.93,628092.82,125.0,66.0
2022-03-08,148.0,5597.48,828427.63,172.0,90.0
2022-03-09,126.0,2023.91,255012.95,159.0,82.0
2022-03-10,236.0,1536.01,362499.28,258.0,104.0
2022-03-11,523.0,816.93,427256.55,329.0,251.0
2022-03-12,365.0,672.32,245395.3,270.0,191.0
2022-03-13,128.0,2996.88,383600.38,180.0,80.0
2022-03-14,134.0,2884.85,386569.62,172.0,77.0
2022-03-15,373.0,2881.12,1074657.08,349.0,287.0
2022-03-16,108.0,2453.31,264957.28,161.0,83.0
2022-03-17,177.0,3191.78,564945.91,170.0,95.0
2022-03-18,447.0,2007.48,897341.98,342.0,268.0
2022-03-19,372.0,885.96,329575.31,307.0,215.0
2022-03-20,126.0,991.7,124954.8,117.0,70.0
2022-03-21,1669.0,2814.16,4696829.24,1039.0,956.0
2022-03-22,1583.0,865.25,1369690.95,1005.0,845.0
2022-03-23,285.0,4362.31,1243258.59,324.0,161.0
2022-03-24,235.0,9062.38,2129659.96,232.0,128.0
2022-03-25,885.0,2114.69,1871504.65,577.0,455.0
2022-03-26,185.0,1987.54,367694.67,273.0,136.0
2022-03-27,159.0,1615.25,256824.55,219.0,128.0
2022-03-28,110.0,3827.91,421070.02,139.0,80.0
2022-03-29,1350.0,1160.32,1566428.01,948.0,885.0
2022-03-30,214.0,1229.33,263076.01,308.0,142.0
2022-03-31,122.0,3515.27,428862.5,190.0,100.0
2022-04-01,101.0,4488.15,453303.23,156.0,68.0
2022-04-02,182.0,4130.5,751751.06,221.0,80.0
2022-04-03,160.0,1257.24,201158.68,208.0,88.0
2022-04-04,125.0,1181.21,147651.75,157.0,67.0
2022-04-05,712.0,1467.68,1044985.37,424.0,346.0
2022-04-06,584.0,839.73,490404.52,750.0,275.0
2022-04-07,464.0,618.19,286841.02,470.0,259.0
2022-04-08,268.0,1444.81,387208.11,274.0,172.0
2022-04-09,178.0,2109.73,375531.73,219.0,104.0
2022-04-10,134.0,729.49,97752.19,156.0,79.0
2022-04-11,109.0,4291.9,467817.11,153.0,72.0
2022-04-12,275.0,714.61,196517.67,260.0,184.0
2022-04-13,118.0,1473.8,173908.1,146.0,69.0
2022-04-14,727.0,492.61,358129.42,369.0,290.0
2022-04-15,1880.0,294.3,553286.01,850.0,742.0
2022-04-16,228.0,1177.15,268390.61,283.0,132.0
2022-04-17,176.0,3469.31,610598.34,233.0,105.0
2022-04-18,561.0,1019.53,571953.94,421.0,321.0
2022-04-19,220.0,847.61,186474.08,237.0,146.0
2022-04-20,218.46666666666667,870.8966666666666,189761.89599999998,233.06666666666666,143.26666666666668
2022-04-21,216.93333333333334,894.1833333333334,193049.712,229.13333333333333,140.53333333333333
2022-04-22,215.4,917.47,196337.528,225.2,137.8
2022-04-23,213.86666666666667,940.7566666666667,199625.34399999998,221.26666666666668,135.06666666666666
2022-04-24,212.33333333333334,964.0433333333334,202913.16,217.33333333333334,132.33333333333334
2022-04-25,210.8,987.33,206200.976,213.4,129.6
2022-04-26,209.26666666666665,1010.6166666666668,209488.792,209.46666666666667,126.86666666666667
2022-04-27,207.73333333333332,1033.9033333333334,212776.608,205.53333333333333,124.13333333333333
2022-04-28,206.2,1057.19,216064.424,201.6,121.4
2022-04-29,204.66666666666666,1080.4766666666667,219352.24,197.66666666666669,118.66666666666666
2022-04-30,203.13333333333333,1103.7633333333333,222640.05599999998,193.73333333333335,115.93333333333334
2022-05-01,201.6,1127.0500000000002,225927.872,189.8,113.2
2022-05-02,200.06666666666666,1150.3366666666668,229215.688,185.86666666666667,110.46666666666667
2022-05-03,198.53333333333333,1173.6233333333334,232503.50400000002,181.93333333333334,107.73333333333333
2022-05-04,197.0,1196.91,235791.32,178.0,105.0
2022-05-05,279.0,7766.9,2166964.1,342.0,140.0
2022-05-06,888.0,4743.72,4212423.39,857.0,337.0
2022-05-07,2442.0,3506.42,8562681.69,1986.0,870.0
2022-05-08,388.0,1755.11,680983.27,338.0,172.0
2022-05-09,220.0,1977.87,435130.92,243.0,103.0
2022-05-10,223.0,2273.67,507027.63,233.0,114.0
2022-05-11,70.0,2778.43,194489.85,94.0,36.0
2022-05-12,103.0,7644.51,787384.88,130.0,66.0
2022-05-13,236.0,1721.54,406283.95,280.0,135.0
2022-05-14,133.0,986.94,131262.68,170.0,75.0
2022-05-15,190.0,1292.45,245566.45,177.0,93.0
