"DateTime","Sales USD","Sales USD"
"2018-02-15 00:00:00",0,0
"2018-02-16 00:00:00",0,0
"2018-02-17 00:00:00",0,0
"2018-02-18 00:00:00",0,0
"2018-02-19 00:00:00",0,0
"2018-02-20 00:00:00",0,0
"2018-02-21 00:00:00",0,0
"2018-02-22 00:00:00",0,0
"2018-02-23 00:00:00",0,0
"2018-02-24 00:00:00",0,0
"2018-02-25 00:00:00",0,0
"2018-02-26 00:00:00",0,0
"2018-02-27 00:00:00",0,0
"2018-02-28 00:00:00",0,0
"2018-03-01 00:00:00",0,0
"2018-03-02 00:00:00",0,0
"2018-03-03 00:00:00",0,0
"2018-03-04 00:00:00",0,0
"2018-03-05 00:00:00",0,0
"2018-03-06 00:00:00",0,0
"2018-03-07 00:00:00",0,0
"2018-03-08 00:00:00",0,0
"2018-03-09 00:00:00",0,0
"2018-03-10 00:00:00",0,0
"2018-03-11 00:00:00",0,0
"2018-03-12 00:00:00",0,0
"2018-03-13 00:00:00",0,0
"2018-03-14 00:00:00",0,0
"2018-03-15 00:00:00",0,0
"2018-03-16 00:00:00",0,0
"2018-03-17 00:00:00",0,0
"2018-03-18 00:00:00",0,0
"2018-03-19 00:00:00",0,0
"2018-03-20 00:00:00",0,0
"2018-03-21 00:00:00",0,0
"2018-03-22 00:00:00",0,0
"2018-03-23 00:00:00",0,0
"2018-03-24 00:00:00",0,0
"2018-03-25 00:00:00",1971.05,1971.05
"2018-03-26 00:00:00",3535.78,3535.78
"2018-03-27 00:00:00",1861.22,1861.22
"2018-03-28 00:00:00",1535.19,1535.19
"2018-03-29 00:00:00",642.14,642.14
"2018-03-30 00:00:00",3866.94,3866.94
"2018-03-31 00:00:00",3225.86,3225.86
"2018-04-01 00:00:00",399.36,399.36
"2018-04-02 00:00:00",983.65,983.65
"2018-04-03 00:00:00",514.54,514.54
"2018-04-04 00:00:00",281.29,281.29
"2018-04-05 00:00:00",454.35,454.35
"2018-04-06 00:00:00",2799.08,2799.08
"2018-04-07 00:00:00",699.61,699.61
"2018-04-08 00:00:00",2490.68,2490.68
"2018-04-09 00:00:00",2574.14,2574.14
"2018-04-10 00:00:00",924.93,924.93
"2018-04-11 00:00:00",4547.84,4547.84
"2018-04-12 00:00:00",135.15,135.15
"2018-04-13 00:00:00",1801.16,1801.16
"2018-04-14 00:00:00",1693.59,1693.59
"2018-04-15 00:00:00",1501.57,1501.57
"2018-04-16 00:00:00",3435.74,3435.74
"2018-04-17 00:00:00",1092,1092
"2018-04-18 00:00:00",309.05,309.05
"2018-04-19 00:00:00",1292.06,1292.06
"2018-04-20 00:00:00",1256.25,1256.25
"2018-04-21 00:00:00",985.76,985.76
"2018-04-22 00:00:00",120.05,120.05
"2018-04-23 00:00:00",3460.23,3460.23
"2018-04-24 00:00:00",964.1,964.1
"2018-04-25 00:00:00",1297.45,1297.45
"2018-04-26 00:00:00",451.11,451.11
"2018-04-27 00:00:00",0,0
"2018-04-28 00:00:00",295.97,295.97
"2018-04-29 00:00:00",114.34,114.34
"2018-04-30 00:00:00",182.27,182.27
"2018-05-01 00:00:00",985.6,985.6
"2018-05-02 00:00:00",258.11,258.11
"2018-05-03 00:00:00",693.75,693.75
"2018-05-04 00:00:00",7806.38,7806.38
"2018-05-05 00:00:00",1790.34,1790.34
"2018-05-06 00:00:00",3870.85,3870.85
"2018-05-07 00:00:00",6278.65,6278.65
"2018-05-08 00:00:00",1423.8,1423.8
"2018-05-09 00:00:00",5250.1,5250.1
"2018-05-10 00:00:00",1174.54,1174.54
"2018-05-11 00:00:00",476.91,476.91
"2018-05-12 00:00:00",598.06,598.06
"2018-05-13 00:00:00",367.66,367.66
"2018-05-14 00:00:00",725.86,725.86
"2018-05-15 00:00:00",777.19,777.19
"2018-05-16 00:00:00",874.15,874.15
"2018-05-17 00:00:00",840.09,840.09
"2018-05-18 00:00:00",3.99,3.99
"2018-05-19 00:00:00",418.93,418.93
"2018-05-20 00:00:00",743.65,743.65
"2018-05-21 00:00:00",846.12,846.12
"2018-05-22 00:00:00",2613.01,2613.01
"2018-05-23 00:00:00",1007.17,1007.17
"2018-05-24 00:00:00",630.46,630.46
"2018-05-25 00:00:00",2266.4,2266.4
"2018-05-26 00:00:00",259.88,259.88
"2018-05-27 00:00:00",1015.06,1015.06
"2018-05-28 00:00:00",763.97,763.97
"2018-05-29 00:00:00",754.05,754.05
"2018-05-30 00:00:00",2201.92,2201.92
"2018-05-31 00:00:00",2894.59,2894.59
"2018-06-01 00:00:00",1263.85,1263.85
"2018-06-02 00:00:00",2036.93,2036.93
"2018-06-03 00:00:00",496.82,496.82
"2018-06-04 00:00:00",4217.26,4217.26
"2018-06-05 00:00:00",1072.87,1072.87
"2018-06-06 00:00:00",4392.3,4392.3
"2018-06-07 00:00:00",3457.12,3457.12
"2018-06-08 00:00:00",3699.89,3699.89
"2018-06-09 00:00:00",4324.67,4324.67
"2018-06-10 00:00:00",4753.28,4753.28
"2018-06-11 00:00:00",1110.86,1110.86
"2018-06-12 00:00:00",1635.97,1635.97
"2018-06-13 00:00:00",1308.06,1308.06
"2018-06-14 00:00:00",1035.12,1035.12
"2018-06-15 00:00:00",1544.96,1544.96
"2018-06-16 00:00:00",1328.35,1328.35
"2018-06-17 00:00:00",1008.09,1008.09
"2018-06-18 00:00:00",2642.92,2642.92
"2018-06-19 00:00:00",1135.59,1135.59
"2018-06-20 00:00:00",1911.36,1911.36
"2018-06-21 00:00:00",1149.98,1149.98
"2018-06-22 00:00:00",2081.34,2081.34
"2018-06-23 00:00:00",1326.61,1326.61
"2018-06-24 00:00:00",1216.51,1216.51
"2018-06-25 00:00:00",1109.44,1109.44
"2018-06-26 00:00:00",1861.78,1861.78
"2018-06-27 00:00:00",960.48,960.48
"2018-06-28 00:00:00",2351.18,2351.18
"2018-06-29 00:00:00",790.37,790.37
"2018-06-30 00:00:00",805.5,805.5
"2018-07-01 00:00:00",645.67,645.67
"2018-07-02 00:00:00",546.93,546.93
"2018-07-03 00:00:00",432.52,432.52
"2018-07-04 00:00:00",286.73,286.73
"2018-07-05 00:00:00",337.78,337.78
"2018-07-06 00:00:00",290.7,290.7
"2018-07-07 00:00:00",342.64,342.64
"2018-07-08 00:00:00",662.09,662.09
"2018-07-09 00:00:00",255.88,255.88
"2018-07-10 00:00:00",129.77,129.77
"2018-07-11 00:00:00",1207.4,1207.4
"2018-07-12 00:00:00",306.57,306.57
"2018-07-13 00:00:00",832.31,832.31
"2018-07-14 00:00:00",1512.88,1512.88
"2018-07-15 00:00:00",351.61,351.61
"2018-07-16 00:00:00",861.85,861.85
"2018-07-17 00:00:00",935.33,935.33
"2018-07-18 00:00:00",2466.92,2466.92
"2018-07-19 00:00:00",379.86,379.86
"2018-07-20 00:00:00",66.55,66.55
"2018-07-21 00:00:00",2882.75,2882.75
"2018-07-22 00:00:00",452.48,452.48
"2018-07-23 00:00:00",20.5,20.5
"2018-07-24 00:00:00",175.29,175.29
"2018-07-25 00:00:00",593.2,593.2
"2018-07-26 00:00:00",539.72,539.72
"2018-07-27 00:00:00",211.71,211.71
"2018-07-28 00:00:00",1485.3,1485.3
"2018-07-29 00:00:00",236.96,236.96
"2018-07-30 00:00:00",337.86,337.86
"2018-07-31 00:00:00",878.42,878.42
"2018-08-01 00:00:00",569.79,569.79
"2018-08-02 00:00:00",699.91,699.91
"2018-08-03 00:00:00",4439.8,4439.8
"2018-08-04 00:00:00",444.47,444.47
"2018-08-05 00:00:00",653,653
"2018-08-06 00:00:00",155.21,155.21
"2018-08-07 00:00:00",121.15,121.15
"2018-08-08 00:00:00",16.62,16.62
"2018-08-09 00:00:00",1115.93,1115.93
"2018-08-10 00:00:00",971.53,971.53
"2018-08-11 00:00:00",15.63,15.63
"2018-08-12 00:00:00",616.84,616.84
"2018-08-13 00:00:00",2782.87,2782.87
"2018-08-14 00:00:00",1185.85,1185.85
"2018-08-15 00:00:00",218.75,218.75
"2018-08-16 00:00:00",450.17,450.17
"2018-08-17 00:00:00",324.97,324.97
"2018-08-18 00:00:00",2079.95,2079.95
"2018-08-19 00:00:00",9636.53,9636.53
"2018-08-20 00:00:00",641.15,641.15
"2018-08-21 00:00:00",4460.75,4460.75
"2018-08-22 00:00:00",3525.66,3525.66
"2018-08-23 00:00:00",1432.35,1432.35
"2018-08-24 00:00:00",1970.04,1970.04
"2018-08-25 00:00:00",636.7,636.7
"2018-08-26 00:00:00",340.13,340.13
"2018-08-27 00:00:00",566.83,566.83
"2018-08-28 00:00:00",618.19,618.19
"2018-08-29 00:00:00",1249.01,1249.01
"2018-08-30 00:00:00",1091.33,1091.33
"2018-08-31 00:00:00",1320.13,1320.13
"2018-09-01 00:00:00",2015.09,2015.09
"2018-09-02 00:00:00",393.8,393.8
"2018-09-03 00:00:00",1335.35,1335.35
"2018-09-04 00:00:00",900.85,900.85
"2018-09-05 00:00:00",1011.16,1011.16
"2018-09-06 00:00:00",676.59,676.59
"2018-09-07 00:00:00",864.23,864.23
"2018-09-08 00:00:00",1936.33,1936.33
"2018-09-09 00:00:00",1306.44,1306.44
"2018-09-10 00:00:00",502.98,502.98
"2018-09-11 00:00:00",658.84,658.84
"2018-09-12 00:00:00",11207.29,11207.29
"2018-09-13 00:00:00",1150.17,1150.17
"2018-09-14 00:00:00",2127.86,2127.86
"2018-09-15 00:00:00",1662.91,1662.91
"2018-09-16 00:00:00",1488.95,1488.95
"2018-09-17 00:00:00",2769.01,2769.01
"2018-09-18 00:00:00",2816.18,2816.18
"2018-09-19 00:00:00",1422.54,1422.54
"2018-09-20 00:00:00",588.86,588.86
"2018-09-21 00:00:00",4235.74,4235.74
"2018-09-22 00:00:00",2398.6,2398.6
"2018-09-23 00:00:00",2639.48,2639.48
"2018-09-24 00:00:00",2618.42,2618.42
"2018-09-25 00:00:00",2133.94,2133.94
"2018-09-26 00:00:00",807.65,807.65
"2018-09-27 00:00:00",1652.65,1652.65
"2018-09-28 00:00:00",378.95,378.95
"2018-09-29 00:00:00",3093.46,3093.46
"2018-09-30 00:00:00",888.97,888.97
"2018-10-01 00:00:00",975.39,975.39
"2018-10-02 00:00:00",5088.48,5088.48
"2018-10-03 00:00:00",2692.22,2692.22
"2018-10-04 00:00:00",224.09,224.09
"2018-10-05 00:00:00",3977.04,3977.04
"2018-10-06 00:00:00",1567.19,1567.19
"2018-10-07 00:00:00",10597.64,10597.64
"2018-10-08 00:00:00",1930.85,1930.85
"2018-10-09 00:00:00",616.62,616.62
"2018-10-10 00:00:00",677.37,677.37
"2018-10-11 00:00:00",1034.41,1034.41
"2018-10-12 00:00:00",728.92,728.92
"2018-10-13 00:00:00",1143.13,1143.13
"2018-10-14 00:00:00",3252.16,3252.16
"2018-10-15 00:00:00",958.18,958.18
"2018-10-16 00:00:00",1426.81,1426.81
"2018-10-17 00:00:00",1510.49,1510.49
"2018-10-18 00:00:00",11564.49,11564.49
"2018-10-19 00:00:00",3248.67,3248.67
"2018-10-20 00:00:00",344.56,344.56
"2018-10-21 00:00:00",1621.88,1621.88
"2018-10-22 00:00:00",418.3,418.3
"2018-10-23 00:00:00",1420.81,1420.81
"2018-10-24 00:00:00",551.89,551.89
"2018-10-25 00:00:00",6640.57,6640.57
"2018-10-26 00:00:00",541.51,541.51
"2018-10-27 00:00:00",1181.74,1181.74
"2018-10-28 00:00:00",2895.56,2895.56
"2018-10-29 00:00:00",1042.28,1042.28
"2018-10-30 00:00:00",2405.73,2405.73
"2018-10-31 00:00:00",1225.64,1225.64
"2018-11-01 00:00:00",1185.25,1185.25
"2018-11-02 00:00:00",1196.56,1196.56
"2018-11-03 00:00:00",690.35,690.35
"2018-11-04 00:00:00",1440.58,1440.58
"2018-11-05 00:00:00",1349.53,1349.53
"2018-11-06 00:00:00",1382.95,1382.95
"2018-11-07 00:00:00",2225.51,2225.51
"2018-11-08 00:00:00",3893.39,3893.39
"2018-11-09 00:00:00",1539.51,1539.51
"2018-11-10 00:00:00",1109.66,1109.66
"2018-11-11 00:00:00",1184.9,1184.9
"2018-11-12 00:00:00",876.04,876.04
"2018-11-13 00:00:00",607.2,607.2
"2018-11-14 00:00:00",3278.95,3278.95
"2018-11-15 00:00:00",1371.73,1371.73
"2018-11-16 00:00:00",802.42,802.42
"2018-11-17 00:00:00",580.3,580.3
"2018-11-18 00:00:00",3228.14,3228.14
"2018-11-19 00:00:00",1710.57,1710.57
"2018-11-20 00:00:00",2914.1,2914.1
"2018-11-21 00:00:00",4882.23,4882.23
"2018-11-22 00:00:00",1024.69,1024.69
"2018-11-23 00:00:00",1093.12,1093.12
"2018-11-24 00:00:00",881.73,881.73
"2018-11-25 00:00:00",6315.55,6315.55
"2018-11-26 00:00:00",879.55,879.55
"2018-11-27 00:00:00",540.84,540.84
"2018-11-28 00:00:00",688.31,688.31
"2018-11-29 00:00:00",940,940
"2018-11-30 00:00:00",827.81,827.81
"2018-12-01 00:00:00",406.79,406.79
"2018-12-02 00:00:00",501.23,501.23
"2018-12-03 00:00:00",428.19,428.19
"2018-12-04 00:00:00",382.65,382.65
"2018-12-05 00:00:00",934.01,934.01
"2018-12-06 00:00:00",866.68,866.68
"2018-12-07 00:00:00",461.17,461.17
"2018-12-08 00:00:00",515.01,515.01
"2018-12-09 00:00:00",967.3,967.3
"2018-12-10 00:00:00",483.5,483.5
"2018-12-11 00:00:00",789.83,789.83
"2018-12-12 00:00:00",348.81,348.81
"2018-12-13 00:00:00",681.51,681.51
"2018-12-14 00:00:00",508.55,508.55
"2018-12-15 00:00:00",299.65,299.65
"2018-12-16 00:00:00",282.94,282.94
"2018-12-17 00:00:00",685.75,685.75
"2018-12-18 00:00:00",784.65,784.65
"2018-12-19 00:00:00",660.9,660.9
"2018-12-20 00:00:00",2289.48,2289.48
"2018-12-21 00:00:00",1089.08,1089.08
"2018-12-22 00:00:00",2443.01,2443.01
"2018-12-23 00:00:00",728.3,728.3
"2018-12-24 00:00:00",1237.13,1237.13
"2018-12-25 00:00:00",643.56,643.56
"2018-12-26 00:00:00",3060.37,3060.37
"2018-12-27 00:00:00",548.04,548.04
"2018-12-28 00:00:00",567.58,567.58
"2018-12-29 00:00:00",757.71,757.71
"2018-12-30 00:00:00",708.49,708.49
"2018-12-31 00:00:00",942.57,942.57
"2019-01-01 00:00:00",958.69,958.69
"2019-01-02 00:00:00",475.94,475.94
"2019-01-03 00:00:00",1709.24,1709.24
"2019-01-04 00:00:00",2350.55,2350.55
"2019-01-05 00:00:00",1153.64,1153.64
"2019-01-06 00:00:00",1144.28,1144.28
"2019-01-07 00:00:00",1065.7,1065.7
"2019-01-08 00:00:00",702.66,702.66
"2019-01-09 00:00:00",659.05,659.05
"2019-01-10 00:00:00",579.83,579.83
"2019-01-11 00:00:00",692.29,692.29
"2019-01-12 00:00:00",518.81,518.81
"2019-01-13 00:00:00",598.24,598.24
"2019-01-14 00:00:00",284.48,284.48
"2019-01-15 00:00:00",1010.09,1010.09
"2019-01-16 00:00:00",412.26,412.26
"2019-01-17 00:00:00",2245.88,2245.88
"2019-01-18 00:00:00",735.81,735.81
"2019-01-19 00:00:00",1054.13,1054.13
"2019-01-20 00:00:00",437.82,437.82
"2019-01-21 00:00:00",702.83,702.83
"2019-01-22 00:00:00",436.24,436.24
"2019-01-23 00:00:00",1403.98,1403.98
"2019-01-24 00:00:00",1666.08,1666.08
"2019-01-25 00:00:00",2084.78,2084.78
"2019-01-26 00:00:00",2537.42,2537.42
"2019-01-27 00:00:00",2102.13,2102.13
"2019-01-28 00:00:00",1282.27,1282.27
"2019-01-29 00:00:00",1194.02,1194.02
"2019-01-30 00:00:00",1879.89,1879.89
"2019-01-31 00:00:00",1154.78,1154.78
"2019-02-01 00:00:00",945.14,945.14
"2019-02-02 00:00:00",981.54,981.54
"2019-02-03 00:00:00",853.4,853.4
"2019-02-04 00:00:00",981.14,981.14
"2019-02-05 00:00:00",763.46,763.46
"2019-02-06 00:00:00",753.01,753.01
"2019-02-07 00:00:00",458.28,458.28
"2019-02-08 00:00:00",1539.05,1539.05
"2019-02-09 00:00:00",510.91,510.91
"2019-02-10 00:00:00",2270.48,2270.48
"2019-02-11 00:00:00",815.22,815.22
"2019-02-12 00:00:00",807.36,807.36
"2019-02-13 00:00:00",759.36,759.36
"2019-02-14 00:00:00",863.33,863.33
"2019-02-15 00:00:00",960.58,960.58
"2019-02-16 00:00:00",653.94,653.94
"2019-02-17 00:00:00",885.51,885.51
"2019-02-18 00:00:00",1478.21,1478.21
"2019-02-19 00:00:00",497.55,497.55
"2019-02-20 00:00:00",800.22,800.22
"2019-02-21 00:00:00",649.13,649.13
"2019-02-22 00:00:00",167.86,167.86
"2019-02-23 00:00:00",673.68,673.68
"2019-02-24 00:00:00",342.41,342.41
"2019-02-25 00:00:00",792.16,792.16
"2019-02-26 00:00:00",732.66,732.66
"2019-02-27 00:00:00",1174.32,1174.32
"2019-02-28 00:00:00",1027.55,1027.55
"2019-03-01 00:00:00",4704.86,4704.86
"2019-03-02 00:00:00",2670.62,2670.62
"2019-03-03 00:00:00",2574.15,2574.15
"2019-03-04 00:00:00",18546.25,18546.25
"2019-03-05 00:00:00",5435.55,5435.55
"2019-03-06 00:00:00",4799,4799
"2019-03-07 00:00:00",8869.78,8869.78
"2019-03-08 00:00:00",9404.78,9404.78
"2019-03-09 00:00:00",3232.05,3232.05
"2019-03-10 00:00:00",1761.88,1761.88
"2019-03-11 00:00:00",3640.81,3640.81
"2019-03-12 00:00:00",7754.49,7754.49
"2019-03-13 00:00:00",4346.03,4346.03
"2019-03-14 00:00:00",2950.53,2950.53
"2019-03-15 00:00:00",1413.82,1413.82
"2019-03-16 00:00:00",1142.93,1142.93
"2019-03-17 00:00:00",860.32,860.32
"2019-03-18 00:00:00",904.68,904.68
"2019-03-19 00:00:00",983.5,983.5
"2019-03-20 00:00:00",883.29,883.29
"2019-03-21 00:00:00",505.4,505.4
"2019-03-22 00:00:00",6534.71,6534.71
"2019-03-23 00:00:00",17967.81,17967.81
"2019-03-24 00:00:00",881.08,881.08
"2019-03-25 00:00:00",1516.06,1516.06
"2019-03-26 00:00:00",10351.98,10351.98
"2019-03-27 00:00:00",3389.17,3389.17
"2019-03-28 00:00:00",597.69,597.69
"2019-03-29 00:00:00",840.85,840.85
"2019-03-30 00:00:00",1848.29,1848.29
"2019-03-31 00:00:00",4157.13,4157.13
"2019-04-01 00:00:00",3068.3,3068.3
"2019-04-02 00:00:00",2298.61,2298.61
"2019-04-03 00:00:00",1029.75,1029.75
"2019-04-04 00:00:00",615.65,615.65
"2019-04-05 00:00:00",1117.25,1117.25
"2019-04-06 00:00:00",1959.7,1959.7
"2019-04-07 00:00:00",1169.83,1169.83
"2019-04-08 00:00:00",667.27,667.27
"2019-04-09 00:00:00",565.38,565.38
"2019-04-10 00:00:00",475.75,475.75
"2019-04-11 00:00:00",626.93,626.93
"2019-04-12 00:00:00",557.56,557.56
"2019-04-13 00:00:00",595.07,595.07
"2019-04-14 00:00:00",462.12,462.12
"2019-04-15 00:00:00",956.2,956.2
"2019-04-16 00:00:00",1748.91,1748.91
"2019-04-17 00:00:00",967.86,967.86
"2019-04-18 00:00:00",627.65,627.65
"2019-04-19 00:00:00",5424.16,5424.16
"2019-04-20 00:00:00",1496.65,1496.65
"2019-04-21 00:00:00",1134.82,1134.82
"2019-04-22 00:00:00",568.39,568.39
"2019-04-23 00:00:00",1326.46,1326.46
"2019-04-24 00:00:00",1694.71,1694.71
"2019-04-25 00:00:00",1334.4,1334.4
"2019-04-26 00:00:00",707.09,707.09
"2019-04-27 00:00:00",4717.18,4717.18
"2019-04-28 00:00:00",1252.33,1252.33
"2019-04-29 00:00:00",2759.25,2759.25
"2019-04-30 00:00:00",1870.71,1870.71
"2019-05-01 00:00:00",1567.18,1567.18
"2019-05-02 00:00:00",2996.08,2996.08
"2019-05-03 00:00:00",1076.62,1076.62
"2019-05-04 00:00:00",1135.23,1135.23
"2019-05-05 00:00:00",1562.28,1562.28
"2019-05-06 00:00:00",1513.91,1513.91
"2019-05-07 00:00:00",802.39,802.39
"2019-05-08 00:00:00",1305.12,1305.12
"2019-05-09 00:00:00",1151.25,1151.25
"2019-05-10 00:00:00",11264.89,11264.89
"2019-05-11 00:00:00",3416.92,3416.92
"2019-05-12 00:00:00",1575.86,1575.86
"2019-05-13 00:00:00",2085.36,2085.36
"2019-05-14 00:00:00",1226.23,1226.23
"2019-05-15 00:00:00",470.82,470.82
"2019-05-16 00:00:00",2688.69,2688.69
"2019-05-17 00:00:00",1378.67,1378.67
"2019-05-18 00:00:00",1293.18,1293.18
"2019-05-19 00:00:00",1279.48,1279.48
"2019-05-20 00:00:00",604.49,604.49
"2019-05-21 00:00:00",2912.86,2912.86
"2019-05-22 00:00:00",1343.35,1343.35
"2019-05-23 00:00:00",399.87,399.87
"2019-05-24 00:00:00",2797.23,2797.23
"2019-05-25 00:00:00",787.96,787.96
"2019-05-26 00:00:00",1025.97,1025.97
"2019-05-27 00:00:00",1562.1,1562.1
"2019-05-28 00:00:00",699.77,699.77
"2019-05-29 00:00:00",464.49,464.49
"2019-05-30 00:00:00",598.35,598.35
"2019-05-31 00:00:00",3521.56,3521.56
"2019-06-01 00:00:00",3033.14,3033.14
"2019-06-02 00:00:00",3738.92,3738.92
"2019-06-03 00:00:00",658.33,658.33
"2019-06-04 00:00:00",1704.87,1704.87
"2019-06-05 00:00:00",933.73,933.73
"2019-06-06 00:00:00",1166.41,1166.41
"2019-06-07 00:00:00",809.42,809.42
"2019-06-08 00:00:00",425.01,425.01
"2019-06-09 00:00:00",2523.8,2523.8
"2019-06-10 00:00:00",424.57,424.57
"2019-06-11 00:00:00",2891.59,2891.59
"2019-06-12 00:00:00",915.79,915.79
"2019-06-13 00:00:00",1327.35,1327.35
"2019-06-14 00:00:00",884.63,884.63
"2019-06-15 00:00:00",1141.9,1141.9
"2019-06-16 00:00:00",2623.31,2623.31
"2019-06-17 00:00:00",1465.56,1465.56
"2019-06-18 00:00:00",3783.2,3783.2
"2019-06-19 00:00:00",3053.09,3053.09
"2019-06-20 00:00:00",323.63,323.63
"2019-06-21 00:00:00",332.81,332.81
"2019-06-22 00:00:00",1026.54,1026.54
"2019-06-23 00:00:00",1771.19,1771.19
"2019-06-24 00:00:00",1872.04,1872.04
"2019-06-25 00:00:00",606.32,606.32
"2019-06-26 00:00:00",836.25,836.25
"2019-06-27 00:00:00",507.53,507.53
"2019-06-28 00:00:00",235.97,235.97
"2019-06-29 00:00:00",937.37,937.37
"2019-06-30 00:00:00",2406.94,2406.94
"2019-07-01 00:00:00",1437.55,1437.55
"2019-07-02 00:00:00",493.21,493.21
"2019-07-03 00:00:00",2283.79,2283.79
"2019-07-04 00:00:00",2312.27,2312.27
"2019-07-05 00:00:00",1783.91,1783.91
"2019-07-06 00:00:00",485.77,485.77
"2019-07-07 00:00:00",243.75,243.75
"2019-07-08 00:00:00",2067.57,2067.57
"2019-07-09 00:00:00",2235.34,2235.34
"2019-07-10 00:00:00",901.89,901.89
"2019-07-11 00:00:00",301.16,301.16
"2019-07-12 00:00:00",787.57,787.57
"2019-07-13 00:00:00",1091.11,1091.11
"2019-07-14 00:00:00",1499.15,1499.15
"2019-07-15 00:00:00",267,267
"2019-07-16 00:00:00",95.74,95.74
"2019-07-17 00:00:00",349.07,349.07
"2019-07-18 00:00:00",629.17,629.17
"2019-07-19 00:00:00",393.93,393.93
"2019-07-20 00:00:00",929.58,929.58
"2019-07-21 00:00:00",805.75,805.75
"2019-07-22 00:00:00",471.25,471.25
"2019-07-23 00:00:00",327.7,327.7
"2019-07-24 00:00:00",993.72,993.72
"2019-07-25 00:00:00",675.25,675.25
"2019-07-26 00:00:00",698.2,698.2
"2019-07-27 00:00:00",1273,1273
"2019-07-28 00:00:00",462.73,462.73
"2019-07-29 00:00:00",748.3,748.3
"2019-07-30 00:00:00",261.88,261.88
"2019-07-31 00:00:00",374.07,374.07
"2019-08-01 00:00:00",694.54,694.54
"2019-08-02 00:00:00",240.74,240.74
"2019-08-03 00:00:00",362.67,362.67
"2019-08-04 00:00:00",402.04,402.04
"2019-08-05 00:00:00",489.89,489.89
"2019-08-06 00:00:00",434.83,434.83
"2019-08-07 00:00:00",512.76,512.76
"2019-08-08 00:00:00",509.27,509.27
"2019-08-09 00:00:00",310.64,310.64
"2019-08-10 00:00:00",392.79,392.79
"2019-08-11 00:00:00",1005.74,1005.74
"2019-08-12 00:00:00",701.22,701.22
"2019-08-13 00:00:00",1478.28,1478.28
"2019-08-14 00:00:00",296.99,296.99
"2019-08-15 00:00:00",395.46,395.46
"2019-08-16 00:00:00",356.36,356.36
"2019-08-17 00:00:00",294.82,294.82
"2019-08-18 00:00:00",1628.02,1628.02
"2019-08-19 00:00:00",451.34,451.34
"2019-08-20 00:00:00",100.1,100.1
"2019-08-21 00:00:00",267.88,267.88
"2019-08-22 00:00:00",196.22,196.22
"2019-08-23 00:00:00",377,377
"2019-08-24 00:00:00",330.6,330.6
"2019-08-25 00:00:00",346.75,346.75
"2019-08-26 00:00:00",186.58,186.58
"2019-08-27 00:00:00",446.77,446.77
"2019-08-28 00:00:00",609.01,609.01
"2019-08-29 00:00:00",442.83,442.83
"2019-08-30 00:00:00",264.46,264.46
"2019-08-31 00:00:00",503.71,503.71
"2019-09-01 00:00:00",451.2,451.2
"2019-09-02 00:00:00",334.72,334.72
"2019-09-03 00:00:00",228.45,228.45
"2019-09-04 00:00:00",113.66,113.66
"2019-09-05 00:00:00",110.12,110.12
"2019-09-06 00:00:00",57.52,57.52
"2019-09-07 00:00:00",40.63,40.63
"2019-09-08 00:00:00",95.01,95.01
"2019-09-09 00:00:00",41.93,41.93
"2019-09-10 00:00:00",52.24,52.24
"2019-09-11 00:00:00",29.86,29.86
"2019-09-12 00:00:00",817.29,817.29
"2019-09-13 00:00:00",765.14,765.14
"2019-09-14 00:00:00",47.18,47.18
"2019-09-15 00:00:00",130.88,130.88
"2019-09-16 00:00:00",90.76,90.76
"2019-09-17 00:00:00",169.39,169.39
"2019-09-18 00:00:00",45.61,45.61
"2019-09-19 00:00:00",177.88,177.88
"2019-09-20 00:00:00",139.76,139.76
"2019-09-21 00:00:00",314.73,314.73
"2019-09-22 00:00:00",182.66,182.66
"2019-09-23 00:00:00",634.64,634.64
"2019-09-24 00:00:00",674.8,674.8
"2019-09-25 00:00:00",27.71,27.71
"2019-09-26 00:00:00",279.37,279.37
"2019-09-27 00:00:00",41.61,41.61
"2019-09-28 00:00:00",58.44,58.44
"2019-09-29 00:00:00",60.43,60.43
"2019-09-30 00:00:00",303.62,303.62
"2019-10-01 00:00:00",374.76,374.76
"2019-10-02 00:00:00",425.91,425.91
"2019-10-03 00:00:00",285.93,285.93
"2019-10-04 00:00:00",289.46,289.46
"2019-10-05 00:00:00",297.38,297.38
"2019-10-06 00:00:00",459.73,459.73
"2019-10-07 00:00:00",403.46,403.46
"2019-10-08 00:00:00",829.85,829.85
"2019-10-09 00:00:00",328.46,328.46
"2019-10-10 00:00:00",611.38,611.38
"2019-10-11 00:00:00",635.28,635.28
"2019-10-12 00:00:00",180.21,180.21
"2019-10-13 00:00:00",161.25,161.25
"2019-10-14 00:00:00",345.39,345.39
"2019-10-15 00:00:00",268.86,268.86
"2019-10-16 00:00:00",230.32,230.32
"2019-10-17 00:00:00",347.26,347.26
"2019-10-18 00:00:00",287.68,287.68
"2019-10-19 00:00:00",557.17,557.17
"2019-10-20 00:00:00",203.21,203.21
"2019-10-21 00:00:00",461.62,461.62
"2019-10-22 00:00:00",586.03,586.03
"2019-10-23 00:00:00",907.45,907.45
"2019-10-24 00:00:00",148.03,148.03
"2019-10-25 00:00:00",812.04,812.04
"2019-10-26 00:00:00",264.97,264.97
"2019-10-27 00:00:00",196.6,196.6
"2019-10-28 00:00:00",2690.41,2690.41
"2019-10-29 00:00:00",385.91,385.91
"2019-10-30 00:00:00",201.88,201.88
"2019-10-31 00:00:00",303.51,303.51
"2019-11-01 00:00:00",245.1,245.1
"2019-11-02 00:00:00",384.25,384.25
"2019-11-03 00:00:00",229.08,229.08
"2019-11-04 00:00:00",740.47,740.47
"2019-11-05 00:00:00",702.41,702.41
"2019-11-06 00:00:00",581.21,581.21
"2019-11-07 00:00:00",527.63,527.63
"2019-11-08 00:00:00",951.32,951.32
"2019-11-09 00:00:00",565.98,565.98
"2019-11-10 00:00:00",579.96,579.96
"2019-11-11 00:00:00",327.68,327.68
"2019-11-12 00:00:00",239.24,239.24
"2019-11-13 00:00:00",345.63,345.63
"2019-11-14 00:00:00",327.48,327.48
"2019-11-15 00:00:00",253.79,253.79
"2019-11-16 00:00:00",223.28,223.28
"2019-11-17 00:00:00",14431.17,14431.17
"2019-11-18 00:00:00",1461.26,1461.26
"2019-11-19 00:00:00",211.69,211.69
"2019-11-20 00:00:00",5388.39,5388.39
"2019-11-21 00:00:00",505.25,505.25
"2019-11-22 00:00:00",362.48,362.48
"2019-11-23 00:00:00",498.9,498.9
"2019-11-24 00:00:00",513.66,513.66
"2019-11-25 00:00:00",185.86,185.86
"2019-11-26 00:00:00",314.59,314.59
"2019-11-27 00:00:00",304.92,304.92
"2019-11-28 00:00:00",280.94,280.94
"2019-11-29 00:00:00",340.55,340.55
"2019-11-30 00:00:00",938.51,938.51
"2019-12-01 00:00:00",387.38,387.38
"2019-12-02 00:00:00",419.71,419.71
"2019-12-03 00:00:00",420.27,420.27
"2019-12-04 00:00:00",16499.2,16499.2
"2019-12-05 00:00:00",170.57,170.57
"2019-12-06 00:00:00",1378.05,1378.05
"2019-12-07 00:00:00",216.59,216.59
"2019-12-08 00:00:00",276.4,276.4
"2019-12-09 00:00:00",140.95,140.95
"2019-12-10 00:00:00",7419.32,7419.32
"2019-12-11 00:00:00",600.53,600.53
"2019-12-12 00:00:00",221.48,221.48
"2019-12-13 00:00:00",287.88,287.88
"2019-12-14 00:00:00",209.91,209.91
"2019-12-15 00:00:00",370.74,370.74
"2019-12-16 00:00:00",128.66,128.66
"2019-12-17 00:00:00",1049.69,1049.69
"2019-12-18 00:00:00",618.58,618.58
"2019-12-19 00:00:00",1269.75,1269.75
"2019-12-20 00:00:00",1631.5,1631.5
"2019-12-21 00:00:00",1355.36,1355.36
"2019-12-22 00:00:00",2011.8,2011.8
"2019-12-23 00:00:00",679.67,679.67
"2019-12-24 00:00:00",951.85,951.85
"2019-12-25 00:00:00",592.57,592.57
"2019-12-26 00:00:00",992.03,992.03
"2019-12-27 00:00:00",931.81,931.81
"2019-12-28 00:00:00",667.9,667.9
"2019-12-29 00:00:00",553.76,553.76
"2019-12-30 00:00:00",1816.11,1816.11
"2019-12-31 00:00:00",480.38,480.38
"2020-01-01 00:00:00",839.32,839.32
"2020-01-02 00:00:00",481.3,481.3
"2020-01-03 00:00:00",680.34,680.34
"2020-01-04 00:00:00",762.1,762.1
"2020-01-05 00:00:00",610.52,610.52
"2020-01-06 00:00:00",1745.42,1745.42
"2020-01-07 00:00:00",500.58,500.58
"2020-01-08 00:00:00",506.32,506.32
"2020-01-09 00:00:00",766.63,766.63
"2020-01-10 00:00:00",795.44,795.44
"2020-01-11 00:00:00",761.76,761.76
"2020-01-12 00:00:00",978.25,978.25
"2020-01-13 00:00:00",590.65,590.65
"2020-01-14 00:00:00",1556.69,1556.69
"2020-01-15 00:00:00",1370.47,1370.47
"2020-01-16 00:00:00",1010.2,1010.2
"2020-01-17 00:00:00",3816.89,3816.89
"2020-01-18 00:00:00",1166.07,1166.07
"2020-01-19 00:00:00",1981.04,1981.04
"2020-01-20 00:00:00",774.05,774.05
"2020-01-21 00:00:00",832.66,832.66
"2020-01-22 00:00:00",1134.85,1134.85
"2020-01-23 00:00:00",1761.22,1761.22
"2020-01-24 00:00:00",1006.48,1006.48
"2020-01-25 00:00:00",1104.83,1104.83
"2020-01-26 00:00:00",760.02,760.02
"2020-01-27 00:00:00",11358.21,11358.21
"2020-01-28 00:00:00",1502.06,1502.06
"2020-01-29 00:00:00",661.42,661.42
"2020-01-30 00:00:00",636.65,636.65
"2020-01-31 00:00:00",841.55,841.55
"2020-02-01 00:00:00",784.14,784.14
"2020-02-02 00:00:00",681.4,681.4
"2020-02-03 00:00:00",1072.12,1072.12
"2020-02-04 00:00:00",672.34,672.34
"2020-02-05 00:00:00",687.4,687.4
"2020-02-06 00:00:00",4568.21,4568.21
"2020-02-07 00:00:00",717.68,717.68
"2020-02-08 00:00:00",507.21,507.21
"2020-02-09 00:00:00",559.62,559.62
"2020-02-10 00:00:00",565.49,565.49
"2020-02-11 00:00:00",908.68,908.68
"2020-02-12 00:00:00",1439.69,1439.69
"2020-02-13 00:00:00",1104.6,1104.6
"2020-02-14 00:00:00",892.98,892.98
"2020-02-15 00:00:00",1640.61,1640.61
"2020-02-16 00:00:00",1291.53,1291.53
"2020-02-17 00:00:00",888.64,888.64
"2020-02-18 00:00:00",2369.8,2369.8
"2020-02-19 00:00:00",595.69,595.69
"2020-02-20 00:00:00",976.37,976.37
"2020-02-21 00:00:00",597.16,597.16
"2020-02-22 00:00:00",696.52,696.52
"2020-02-23 00:00:00",1113.78,1113.78
"2020-02-24 00:00:00",930.21,930.21
"2020-02-25 00:00:00",844.87,844.87
"2020-02-26 00:00:00",505.67,505.67
"2020-02-27 00:00:00",559.71,559.71
"2020-02-28 00:00:00",393.37,393.37
"2020-02-29 00:00:00",473.03,473.03
"2020-03-01 00:00:00",687.27,687.27
"2020-03-02 00:00:00",525.31,525.31
"2020-03-03 00:00:00",1264.62,1264.62
"2020-03-04 00:00:00",506.25,506.25
"2020-03-05 00:00:00",479.19,479.19
"2020-03-06 00:00:00",303.16,303.16
"2020-03-07 00:00:00",2018.3,2018.3
"2020-03-08 00:00:00",408.6,408.6
"2020-03-09 00:00:00",1625.98,1625.98
"2020-03-10 00:00:00",1668.31,1668.31
"2020-03-11 00:00:00",1446.18,1446.18
"2020-03-12 00:00:00",428.77,428.77
"2020-03-13 00:00:00",210.12,210.12
"2020-03-14 00:00:00",444.19,444.19
"2020-03-15 00:00:00",623.67,623.67
"2020-03-16 00:00:00",380.53,380.53
"2020-03-17 00:00:00",276.39,276.39
"2020-03-18 00:00:00",642.59,642.59
"2020-03-19 00:00:00",410.29,410.29
"2020-03-20 00:00:00",762.74,762.74
"2020-03-21 00:00:00",356.28,356.28
"2020-03-22 00:00:00",329.42,329.42
"2020-03-23 00:00:00",733.27,733.27
"2020-03-24 00:00:00",681.27,681.27
"2020-03-25 00:00:00",609.09,609.09
"2020-03-26 00:00:00",268.24,268.24
"2020-03-27 00:00:00",3898.01,3898.01
"2020-03-28 00:00:00",835.99,835.99
"2020-03-29 00:00:00",332.02,332.02
"2020-03-30 00:00:00",1074.93,1074.93
"2020-03-31 00:00:00",375.73,375.73
"2020-04-01 00:00:00",464.78,464.78
"2020-04-02 00:00:00",980.93,980.93
"2020-04-03 00:00:00",800.15,800.15
"2020-04-04 00:00:00",4749.01,4749.01
"2020-04-05 00:00:00",1762.16,1762.16
"2020-04-06 00:00:00",501.28,501.28
"2020-04-07 00:00:00",1949.99,1949.99
"2020-04-08 00:00:00",1208.75,1208.75
"2020-04-09 00:00:00",849.68,849.68
"2020-04-10 00:00:00",538.47,538.47
"2020-04-11 00:00:00",1130.04,1130.04
"2020-04-12 00:00:00",742.78,742.78
"2020-04-13 00:00:00",735.11,735.11
"2020-04-14 00:00:00",992.86,992.86
"2020-04-15 00:00:00",933.18,933.18
"2020-04-16 00:00:00",821.85,821.85
"2020-04-17 00:00:00",807.32,807.32
"2020-04-18 00:00:00",739.34,739.34
"2020-04-19 00:00:00",520.1,520.1
"2020-04-20 00:00:00",807.34,807.34
"2020-04-21 00:00:00",679.32,679.32
"2020-04-22 00:00:00",1080.55,1080.55
"2020-04-23 00:00:00",793.43,793.43
"2020-04-24 00:00:00",1756.06,1756.06
"2020-04-25 00:00:00",412.83,412.83
"2020-04-26 00:00:00",480.84,480.84
"2020-04-27 00:00:00",713.56,713.56
"2020-04-28 00:00:00",711.58,711.58
"2020-04-29 00:00:00",474.18,474.18
"2020-04-30 00:00:00",243.71,243.71
"2020-05-01 00:00:00",636.88,636.88
"2020-05-02 00:00:00",1040.26,1040.26
"2020-05-03 00:00:00",951.03,951.03
"2020-05-04 00:00:00",931.79,931.79
"2020-05-05 00:00:00",605.12,605.12
"2020-05-06 00:00:00",506.32,506.32
"2020-05-07 00:00:00",309.04,309.04
"2020-05-08 00:00:00",572.42,572.42
"2020-05-09 00:00:00",716.01,716.01
"2020-05-10 00:00:00",564.88,564.88
"2020-05-11 00:00:00",1046.54,1046.54
"2020-05-12 00:00:00",679.79,679.79
"2020-05-13 00:00:00",434.5,434.5
"2020-05-14 00:00:00",374.67,374.67
"2020-05-15 00:00:00",367.06,367.06
"2020-05-16 00:00:00",766.58,766.58
"2020-05-17 00:00:00",593.02,593.02
"2020-05-18 00:00:00",716.82,716.82
"2020-05-19 00:00:00",632.04,632.04
"2020-05-20 00:00:00",406.58,406.58
"2020-05-21 00:00:00",228.24,228.24
"2020-05-22 00:00:00",318.29,318.29
"2020-05-23 00:00:00",291.78,291.78
"2020-05-24 00:00:00",215.98,215.98
"2020-05-25 00:00:00",411.49,411.49
"2020-05-26 00:00:00",583.41,583.41
"2020-05-27 00:00:00",673.05,673.05
"2020-05-28 00:00:00",1438.13,1438.13
"2020-05-29 00:00:00",268.66,268.66
"2020-05-30 00:00:00",502.46,502.46
"2020-05-31 00:00:00",188.32,188.32
"2020-06-01 00:00:00",468.48,468.48
"2020-06-02 00:00:00",344.31,344.31
"2020-06-03 00:00:00",373.4,373.4
"2020-06-04 00:00:00",232.27,232.27
"2020-06-05 00:00:00",466.27,466.27
"2020-06-06 00:00:00",515.4,515.4
"2020-06-07 00:00:00",687.36,687.36
"2020-06-08 00:00:00",311.44,311.44
"2020-06-09 00:00:00",546.94,546.94
"2020-06-10 00:00:00",321.07,321.07
"2020-06-11 00:00:00",351.7,351.7
"2020-06-12 00:00:00",296.14,296.14
"2020-06-13 00:00:00",508.66,508.66
"2020-06-14 00:00:00",352.18,352.18
"2020-06-15 00:00:00",158.24,158.24
"2020-06-16 00:00:00",295.42,295.42
"2020-06-17 00:00:00",443.13,443.13
"2020-06-18 00:00:00",240.88,240.88
"2020-06-19 00:00:00",225.26,225.26
"2020-06-20 00:00:00",354.69,354.69
"2020-06-21 00:00:00",457.34,457.34
"2020-06-22 00:00:00",511.17,511.17
"2020-06-23 00:00:00",385.89,385.89
"2020-06-24 00:00:00",265.37,265.37
"2020-06-25 00:00:00",240.26,240.26
"2020-06-26 00:00:00",284.6,284.6
"2020-06-27 00:00:00",346.56,346.56
"2020-06-28 00:00:00",709.86,709.86
"2020-06-29 00:00:00",539.61,539.61
"2020-06-30 00:00:00",186.31,186.31
"2020-07-01 00:00:00",150.08,150.08
"2020-07-02 00:00:00",239.69,239.69
"2020-07-03 00:00:00",149.35,149.35
"2020-07-04 00:00:00",232.6,232.6
"2020-07-05 00:00:00",318.06,318.06
"2020-07-06 00:00:00",817.26,817.26
"2020-07-07 00:00:00",3250.46,3250.46
"2020-07-08 00:00:00",18937.87,18937.87
"2020-07-09 00:00:00",5421.11,5421.11
"2020-07-10 00:00:00",12155.64,12155.64
"2020-07-11 00:00:00",2707.8,2707.8
"2020-07-12 00:00:00",2584.39,2584.39
"2020-07-13 00:00:00",1880.28,1880.28
"2020-07-14 00:00:00",3757.59,3757.59
"2020-07-15 00:00:00",1792.53,1792.53
"2020-07-16 00:00:00",2646.52,2646.52
"2020-07-17 00:00:00",1446.21,1446.21
"2020-07-18 00:00:00",1583.85,1583.85
"2020-07-19 00:00:00",1506.06,1506.06
"2020-07-20 00:00:00",1464.88,1464.88
"2020-07-21 00:00:00",2257.82,2257.82
"2020-07-22 00:00:00",3122.8,3122.8
"2020-07-23 00:00:00",802.9,802.9
"2020-07-24 00:00:00",6989.78,6989.78
"2020-07-25 00:00:00",1271.44,1271.44
"2020-07-26 00:00:00",2571.46,2571.46
"2020-07-27 00:00:00",1299.34,1299.34
"2020-07-28 00:00:00",1477.94,1477.94
"2020-07-29 00:00:00",1408.25,1408.25
"2020-07-30 00:00:00",1297.85,1297.85
"2020-07-31 00:00:00",1421.79,1421.79
"2020-08-01 00:00:00",945.4,945.4
"2020-08-02 00:00:00",1274.35,1274.35
"2020-08-03 00:00:00",1201.84,1201.84
"2020-08-04 00:00:00",31791.11,31791.11
"2020-08-05 00:00:00",2811.53,2811.53
"2020-08-06 00:00:00",4837.59,4837.59
"2020-08-07 00:00:00",8621.41,8621.41
"2020-08-08 00:00:00",5223.97,5223.97
"2020-08-09 00:00:00",3315.36,3315.36
"2020-08-10 00:00:00",1888.47,1888.47
"2020-08-11 00:00:00",2649.82,2649.82
"2020-08-12 00:00:00",3279.9,3279.9
"2020-08-13 00:00:00",1754.06,1754.06
"2020-08-14 00:00:00",2192.57,2192.57
"2020-08-15 00:00:00",4765.69,4765.69
"2020-08-16 00:00:00",3414.65,3414.65
"2020-08-17 00:00:00",3477.26,3477.26
"2020-08-18 00:00:00",3928.36,3928.36
"2020-08-19 00:00:00",2266.73,2266.73
"2020-08-20 00:00:00",2708.08,2708.08
"2020-08-21 00:00:00",1369.56,1369.56
"2020-08-22 00:00:00",12458.48,12458.48
"2020-08-23 00:00:00",76855.29,76855.29
"2020-08-24 00:00:00",3393.89,3393.89
"2020-08-25 00:00:00",3367.24,3367.24
"2020-08-26 00:00:00",2203.28,2203.28
"2020-08-27 00:00:00",4504.08,4504.08
"2020-08-28 00:00:00",7504.76,7504.76
"2020-08-29 00:00:00",5929.96,5929.96
"2020-08-30 00:00:00",2736.61,2736.61
"2020-08-31 00:00:00",1818.96,1818.96
"2020-09-01 00:00:00",1383.76,1383.76
"2020-09-02 00:00:00",1170.63,1170.63
"2020-09-03 00:00:00",2354.76,2354.76
"2020-09-04 00:00:00",6267.22,6267.22
"2020-09-05 00:00:00",3519.86,3519.86
"2020-09-06 00:00:00",6513.64,6513.64
"2020-09-07 00:00:00",5272.22,5272.22
"2020-09-08 00:00:00",6083.97,6083.97
"2020-09-09 00:00:00",4703.93,4703.93
"2020-09-10 00:00:00",2084.56,2084.56
"2020-09-11 00:00:00",3561.31,3561.31
"2020-09-12 00:00:00",6252.01,6252.01
"2020-09-13 00:00:00",5264.74,5264.74
"2020-09-14 00:00:00",3684.36,3684.36
"2020-09-15 00:00:00",3213.38,3213.38
"2020-09-16 00:00:00",5243.11,5243.11
"2020-09-17 00:00:00",1638.77,1638.77
"2020-09-18 00:00:00",6875.89,6875.89
"2020-09-19 00:00:00",17734.45,17734.45
"2020-09-20 00:00:00",14180.41,14180.41
"2020-09-21 00:00:00",16268.26,16268.26
"2020-09-22 00:00:00",21092.27,21092.27
"2020-09-23 00:00:00",25197.05,25197.05
"2020-09-24 00:00:00",181627.01,181627.01
"2020-09-25 00:00:00",107083.27,107083.27
"2020-09-26 00:00:00",149403.46,149403.46
"2020-09-27 00:00:00",90112.71,90112.71
"2020-09-28 00:00:00",149395.56,149395.56
"2020-09-29 00:00:00",39053.34,39053.34
"2020-09-30 00:00:00",45307.74,45307.74
"2020-10-01 00:00:00",34840.3,34840.3
"2020-10-02 00:00:00",36049.51,36049.51
"2020-10-03 00:00:00",68168.24,68168.24
"2020-10-04 00:00:00",44433.75,44433.75
"2020-10-05 00:00:00",31261.05,31261.05
"2020-10-06 00:00:00",56400.35,56400.35
"2020-10-07 00:00:00",73915.17,73915.17
"2020-10-08 00:00:00",58667.1,58667.1
"2020-10-09 00:00:00",56013.66,56013.66
"2020-10-10 00:00:00",69571.28,69571.28
"2020-10-11 00:00:00",80748.06,80748.06
"2020-10-12 00:00:00",39945.76,39945.76
"2020-10-13 00:00:00",42017.22,42017.22
"2020-10-14 00:00:00",39608.57,39608.57
"2020-10-15 00:00:00",46389.97,46389.97
"2020-10-16 00:00:00",44072.18,44072.18
"2020-10-17 00:00:00",42651.26,42651.26
"2020-10-18 00:00:00",51870.68,51870.68
"2020-10-19 00:00:00",71545.94,71545.94
"2020-10-20 00:00:00",37473.6,37473.6
"2020-10-21 00:00:00",67850.39,67850.39
"2020-10-22 00:00:00",286667.01,286667.01
"2020-10-23 00:00:00",47886.75,47886.75
"2020-10-24 00:00:00",48666.4,48666.4
"2020-10-25 00:00:00",83642.63,83642.63
"2020-10-26 00:00:00",96632.36,96632.36
"2020-10-27 00:00:00",45404.75,45404.75
"2020-10-28 00:00:00",45172.21,45172.21
"2020-10-29 00:00:00",48015.55,48015.55
"2020-10-30 00:00:00",62178.44,62178.44
"2020-10-31 00:00:00",62310,62310
"2020-11-01 00:00:00",80984.03,80984.03
"2020-11-02 00:00:00",37977.44,37977.44
"2020-11-03 00:00:00",36758.9,36758.9
"2020-11-04 00:00:00",42163.97,42163.97
"2020-11-05 00:00:00",40739.15,40739.15
"2020-11-06 00:00:00",168255.24,168255.24
"2020-11-07 00:00:00",44588.96,44588.96
"2020-11-08 00:00:00",72723.22,72723.22
"2020-11-09 00:00:00",46661.66,46661.66
"2020-11-10 00:00:00",69836.49,69836.49
"2020-11-11 00:00:00",78185.92,78185.92
"2020-11-12 00:00:00",91614.33,91614.33
"2020-11-13 00:00:00",75154.47,75154.47
"2020-11-14 00:00:00",93451,93451
"2020-11-15 00:00:00",116875.04,116875.04
"2020-11-16 00:00:00",97657.26,97657.26
"2020-11-17 00:00:00",62313.67,62313.67
"2020-11-18 00:00:00",71054.77,71054.77
"2020-11-19 00:00:00",89163.21,89163.21
"2020-11-20 00:00:00",58613.64,58613.64
"2020-11-21 00:00:00",160391.36,160391.36
"2020-11-22 00:00:00",64628.26,64628.26
"2020-11-23 00:00:00",134980.69,134980.69
"2020-11-24 00:00:00",53208.9,53208.9
"2020-11-25 00:00:00",50972.1,50972.1
"2020-11-26 00:00:00",44793.05,44793.05
"2020-11-27 00:00:00",58308.24,58308.24
"2020-11-28 00:00:00",62717.65,62717.65
"2020-11-29 00:00:00",55583.94,55583.94
"2020-11-30 00:00:00",34848.21,34848.21
"2020-12-01 00:00:00",32000.38,32000.38
"2020-12-02 00:00:00",53451.96,53451.96
"2020-12-03 00:00:00",38228.01,38228.01
"2020-12-04 00:00:00",39197.83,39197.83
"2020-12-05 00:00:00",47063.1,47063.1
"2020-12-06 00:00:00",68207.74,68207.74
"2020-12-07 00:00:00",48121.99,48121.99
"2020-12-08 00:00:00",126469.59,126469.59
"2020-12-09 00:00:00",63117.73,63117.73
"2020-12-10 00:00:00",50089.32,50089.32
"2020-12-11 00:00:00",43507.27,43507.27
"2020-12-12 00:00:00",59719.66,59719.66
"2020-12-13 00:00:00",53730.81,53730.81
"2020-12-14 00:00:00",42734.84,42734.84
"2020-12-15 00:00:00",35445.05,35445.05
"2020-12-16 00:00:00",47940.09,47940.09
"2020-12-17 00:00:00",20121.34,20121.34
"2020-12-18 00:00:00",36873.34,36873.34
"2020-12-19 00:00:00",55371.78,55371.78
"2020-12-20 00:00:00",59783.23,59783.23
"2020-12-21 00:00:00",37123.32,37123.32
"2020-12-22 00:00:00",99813.47,99813.47
"2020-12-23 00:00:00",26773.41,26773.41
"2020-12-24 00:00:00",37109.35,37109.35
"2020-12-25 00:00:00",34553.78,34553.78
"2020-12-26 00:00:00",30362.39,30362.39
"2020-12-27 00:00:00",26646.05,26646.05
"2020-12-28 00:00:00",32466.93,32466.93
"2020-12-29 00:00:00",31134.02,31134.02
"2020-12-30 00:00:00",19303.4,19303.4
"2020-12-31 00:00:00",24591.42,24591.42
"2021-01-01 00:00:00",27300.12,27300.12
"2021-01-02 00:00:00",29258.02,29258.02
"2021-01-03 00:00:00",48285.77,48285.77
"2021-01-04 00:00:00",9619.24,9619.24
"2021-01-05 00:00:00",15055.07,15055.07
"2021-01-06 00:00:00",14768.09,14768.09
"2021-01-07 00:00:00",9351.51,9351.51
"2021-01-08 00:00:00",19031.79,19031.79
"2021-01-09 00:00:00",23294.51,23294.51
"2021-01-10 00:00:00",16445.28,16445.28
"2021-01-11 00:00:00",15794.98,15794.98
"2021-01-12 00:00:00",12415.1,12415.1
"2021-01-13 00:00:00",22241.62,22241.62
"2021-01-14 00:00:00",19436.51,19436.51
"2021-01-15 00:00:00",13799.1,13799.1
"2021-01-16 00:00:00",13001.69,13001.69
"2021-01-17 00:00:00",58413.73,58413.73
"2021-01-18 00:00:00",42310.03,42310.03
"2021-01-19 00:00:00",11507.52,11507.52
"2021-01-20 00:00:00",18087.93,18087.93
"2021-01-21 00:00:00",11418.13,11418.13
"2021-01-22 00:00:00",15664.63,15664.63
"2021-01-23 00:00:00",84006.43,84006.43
"2021-01-24 00:00:00",37716.26,37716.26
"2021-01-25 00:00:00",41244.51,41244.51
"2021-01-26 00:00:00",87216.26,87216.26
"2021-01-27 00:00:00",22761.06,22761.06
"2021-01-28 00:00:00",22985.46,22985.46
"2021-01-29 00:00:00",7126.74,7126.74
"2021-01-30 00:00:00",150837.44,150837.44
"2021-01-31 00:00:00",17277.95,17277.95
"2021-02-01 00:00:00",11034.78,11034.78
"2021-02-02 00:00:00",13178.36,13178.36
"2021-02-03 00:00:00",17390.77,17390.77
"2021-02-04 00:00:00",8352.8,8352.8
"2021-02-05 00:00:00",19305.64,19305.64
"2021-02-06 00:00:00",83717.95,83717.95
"2021-02-07 00:00:00",39467.46,39467.46
"2021-02-08 00:00:00",1554894.1,1554894.1
"2021-02-09 00:00:00",36856.26,36856.26
"2021-02-10 00:00:00",40209.04,40209.04
"2021-02-11 00:00:00",69795.94,69795.94
"2021-02-12 00:00:00",28878.5,28878.5
"2021-02-13 00:00:00",42067.36,42067.36
"2021-02-14 00:00:00",117185.2,117185.2
"2021-02-15 00:00:00",71356.25,71356.25
"2021-02-16 00:00:00",95015.57,95015.57
"2021-02-17 00:00:00",146321.53,146321.53
"2021-02-18 00:00:00",268222.88,268222.88
"2021-02-19 00:00:00",73445.6,73445.6
"2021-02-20 00:00:00",147400.18,147400.18
"2021-02-21 00:00:00",403856.16,403856.16
"2021-02-22 00:00:00",156695.08,156695.08
"2021-02-23 00:00:00",109857.84,109857.84
"2021-02-24 00:00:00",304494.33,304494.33
"2021-02-25 00:00:00",319449.4,319449.4
"2021-02-26 00:00:00",349215.83,349215.83
"2021-02-27 00:00:00",173993.06,173993.06
"2021-02-28 00:00:00",105658.53,105658.53
"2021-03-01 00:00:00",95489.2,95489.2
"2021-03-02 00:00:00",109245.86,109245.86
"2021-03-03 00:00:00",174818.92,174818.92
"2021-03-04 00:00:00",389781.37,389781.37
"2021-03-05 00:00:00",381457.9,381457.9
"2021-03-06 00:00:00",294121.3,294121.3
"2021-03-07 00:00:00",349554.56,349554.56
"2021-03-08 00:00:00",717573.66,717573.66
"2021-03-09 00:00:00",855006.99,855006.99
"2021-03-10 00:00:00",252563.43,252563.43
"2021-03-11 00:00:00",599663.84,599663.84
"2021-03-12 00:00:00",305549.74,305549.74
"2021-03-13 00:00:00",349630.67,349630.67
"2021-03-14 00:00:00",386119.3,386119.3
"2021-03-15 00:00:00",258643.01,258643.01
"2021-03-16 00:00:00",323423,323423
"2021-03-17 00:00:00",320989.6,320989.6
"2021-03-18 00:00:00",273458.03,273458.03
"2021-03-19 00:00:00",364005.41,364005.41
"2021-03-20 00:00:00",375694.19,375694.19
"2021-03-21 00:00:00",457301,457301
"2021-03-22 00:00:00",238083.83,238083.83
"2021-03-23 00:00:00",219955.91,219955.91
"2021-03-24 00:00:00",248369.11,248369.11
"2021-03-25 00:00:00",264366.95,264366.95
"2021-03-26 00:00:00",249043.06,249043.06
"2021-03-27 00:00:00",239785.44,239785.44
"2021-03-28 00:00:00",222304.63,222304.63
"2021-03-29 00:00:00",203477.76,203477.76
"2021-03-30 00:00:00",167448.82,167448.82
"2021-03-31 00:00:00",157684.59,157684.59
"2021-04-01 00:00:00",213242.92,213242.92
"2021-04-02 00:00:00",174766.91,174766.91
"2021-04-03 00:00:00",248524.98,248524.98
"2021-04-04 00:00:00",236962.63,236962.63
"2021-04-05 00:00:00",216430.03,216430.03
"2021-04-06 00:00:00",182401.48,182401.48
"2021-04-07 00:00:00",165837.48,165837.48
"2021-04-08 00:00:00",246455.67,246455.67
"2021-04-09 00:00:00",266875.95,266875.95
"2021-04-10 00:00:00",360703.26,360703.26
"2021-04-11 00:00:00",292033.64,292033.64
"2021-04-12 00:00:00",168454.01,168454.01
"2021-04-13 00:00:00",188671.07,188671.07
"2021-04-14 00:00:00",221056.96,221056.96
"2021-04-15 00:00:00",201107.47,201107.47
"2021-04-16 00:00:00",188999.62,188999.62
"2021-04-17 00:00:00",257028.35,257028.35
"2021-04-18 00:00:00",113571.25,113571.25
"2021-04-19 00:00:00",143074.36,143074.36
"2021-04-20 00:00:00",111703.64,111703.64
"2021-04-21 00:00:00",126473.53,126473.53
"2021-04-22 00:00:00",186435.28,186435.28
"2021-04-23 00:00:00",160864.2,160864.2
"2021-04-24 00:00:00",217926.21,217926.21
"2021-04-25 00:00:00",272052.32,272052.32
"2021-04-26 00:00:00",165761.12,165761.12
"2021-04-27 00:00:00",461449.45,461449.45
"2021-04-28 00:00:00",292815.69,292815.69
"2021-04-29 00:00:00",312784.32,312784.32
"2021-04-30 00:00:00",1220218.42,1220218.42
"2021-05-01 00:00:00",515824.02,515824.02
"2021-05-02 00:00:00",556464.51,556464.51
"2021-05-03 00:00:00",621052.29,621052.29
"2021-05-04 00:00:00",665624.64,665624.64
"2021-05-05 00:00:00",775807.36,775807.36
"2021-05-06 00:00:00",633515.64,633515.64
"2021-05-07 00:00:00",678327.85,678327.85
"2021-05-08 00:00:00",500054.88,500054.88
"2021-05-09 00:00:00",537115.72,537115.72
"2021-05-10 00:00:00",414431.78,414431.78
"2021-05-11 00:00:00",449330.72,449330.72
"2021-05-12 00:00:00",624980.58,624980.58
"2021-05-13 00:00:00",682645.62,682645.62
"2021-05-14 00:00:00",1293201.63,1293201.63
"2021-05-15 00:00:00",961967.77,961967.77
"2021-05-16 00:00:00",1029787.17,1029787.17
"2021-05-17 00:00:00",1134572.38,1134572.38
"2021-05-18 00:00:00",1117964.7,1117964.7
"2021-05-19 00:00:00",797573.41,797573.41
"2021-05-20 00:00:00",1022999.59,1022999.59
"2021-05-21 00:00:00",992251.05,992251.05
"2021-05-22 00:00:00",999996.89,999996.89
"2021-05-23 00:00:00",858441.53,858441.53
"2021-05-24 00:00:00",948367.29,948367.29
"2021-05-25 00:00:00",1151995.86,1151995.86
"2021-05-26 00:00:00",1152413.31,1152413.31
"2021-05-27 00:00:00",1202538.15,1202538.15
"2021-05-28 00:00:00",1517090.58,1517090.58
"2021-05-29 00:00:00",2025878.31,2025878.31
"2021-05-30 00:00:00",2133241.82,2133241.82
"2021-05-31 00:00:00",2386654.44,2386654.44
"2021-06-01 00:00:00",2818825.05,2818825.05
"2021-06-02 00:00:00",2968557.93,2968557.93
"2021-06-03 00:00:00",2852555.91,2852555.91
"2021-06-04 00:00:00",3392855.88,3392855.88
"2021-06-05 00:00:00",3444969.93,3444969.93
"2021-06-06 00:00:00",3274548.06,3274548.06
"2021-06-07 00:00:00",3275652.31,3275652.31
"2021-06-08 00:00:00",3326963.55,3326963.55
"2021-06-09 00:00:00",3221844.44,3221844.44
"2021-06-10 00:00:00",3444640.16,3444640.16
"2021-06-11 00:00:00",3340255.89,3340255.89
"2021-06-12 00:00:00",3300606.78,3300606.78
"2021-06-13 00:00:00",3157288.83,3157288.83
"2021-06-14 00:00:00",3148928.89,3148928.89
"2021-06-15 00:00:00",3392267.34,3392267.34
"2021-06-16 00:00:00",3580024.02,3580024.02
"2021-06-17 00:00:00",3511285.27,3511285.27
"2021-06-18 00:00:00",3854520.07,3854520.07
"2021-06-19 00:00:00",4012166.34,4012166.34
"2021-06-20 00:00:00",4068141.48,4068141.48
"2021-06-21 00:00:00",4265137.95,4265137.95
"2021-06-22 00:00:00",4183378.98,4183378.98
"2021-06-23 00:00:00",3849201.24,3849201.24
"2021-06-24 00:00:00",4662359.74,4662359.74
"2021-06-25 00:00:00",4770587.73,4770587.73
"2021-06-26 00:00:00",5347996.22,5347996.22
"2021-06-27 00:00:00",5388282.07,5388282.07
"2021-06-28 00:00:00",6713093.89,6713093.89
"2021-06-29 00:00:00",7478374.45,7478374.45
"2021-06-30 00:00:00",7271844.46,7271844.46
"2021-07-01 00:00:00",9477045.47,9477045.47
"2021-07-02 00:00:00",8321776.91,8321776.91
"2021-07-03 00:00:00",11938323.9,11938323.9
"2021-07-04 00:00:00",13382311.26,13382311.26
"2021-07-05 00:00:00",10688761.41,10688761.41
"2021-07-06 00:00:00",14571362.86,14571362.86
"2021-07-07 00:00:00",13901189.83,13901189.83
"2021-07-08 00:00:00",16164179.4,16164179.4
"2021-07-09 00:00:00",12847104.27,12847104.27
"2021-07-10 00:00:00",13615397.47,13615397.47
"2021-07-11 00:00:00",11853119.53,11853119.53
"2021-07-12 00:00:00",8175581.91,8175581.91
"2021-07-13 00:00:00",10060833.18,10060833.18
"2021-07-14 00:00:00",17121470.33,17121470.33
"2021-07-15 00:00:00",30658223.49,30658223.49
"2021-07-16 00:00:00",24382406.17,24382406.17
"2021-07-17 00:00:00",19149396.25,19149396.25
"2021-07-18 00:00:00",15385336.87,15385336.87
"2021-07-19 00:00:00",17004673.95,17004673.95
"2021-07-20 00:00:00",16208020.64,16208020.64
"2021-07-21 00:00:00",15964776.49,15964776.49
"2021-07-22 00:00:00",15727876.82,15727876.82
"2021-07-23 00:00:00",29028964.15,29028964.15
"2021-07-24 00:00:00",25833849.16,25833849.16
"2021-07-25 00:00:00",27025279.51,27025279.51
"2021-07-26 00:00:00",20277703.61,20277703.61
"2021-07-27 00:00:00",18344052.93,18344052.93
"2021-07-28 00:00:00",24275827.6,24275827.6
"2021-07-29 00:00:00",29393183.34,29393183.34
"2021-07-30 00:00:00",28085423.31,28085423.31
"2021-07-31 00:00:00",27786279.99,27786279.99
"2021-08-01 00:00:00",26578130.94,26578130.94
"2021-08-02 00:00:00",26720850.83,26720850.83
"2021-08-03 00:00:00",35161195.17,35161195.17
"2021-08-04 00:00:00",31901145.02,31901145.02
"2021-08-05 00:00:00",30926402.06,30926402.06
"2021-08-06 00:00:00",33131617.78,33131617.78
"2021-08-07 00:00:00",24214029.54,24214029.54
"2021-08-08 00:00:00",24809331.86,24809331.86
"2021-08-09 00:00:00",28226073.32,28226073.32
"2021-08-10 00:00:00",25203437.46,25203437.46
"2021-08-11 00:00:00",27048671.13,27048671.13
"2021-08-12 00:00:00",26451722.98,26451722.98
"2021-08-13 00:00:00",21425581.33,21425581.33
"2021-08-14 00:00:00",21648526.7,21648526.7
"2021-08-15 00:00:00",21228261.71,21228261.71
"2021-08-16 00:00:00",23661945.2,23661945.2
"2021-08-17 00:00:00",25825158.59,25825158.59
"2021-08-18 00:00:00",24426966.64,24426966.64
"2021-08-19 00:00:00",24189878.48,24189878.48
"2021-08-20 00:00:00",22948663.29,22948663.29
"2021-08-21 00:00:00",21930724.05,21930724.05
"2021-08-22 00:00:00",20574531.96,20574531.96
"2021-08-23 00:00:00",17137065.01,17137065.01
"2021-08-24 00:00:00",19802939.96,19802939.96
"2021-08-25 00:00:00",18594935.26,18594935.26
"2021-08-26 00:00:00",19399637.32,19399637.32
"2021-08-27 00:00:00",18610753.82,18610753.82
"2021-08-28 00:00:00",18477863.31,18477863.31
"2021-08-29 00:00:00",17184246.45,17184246.45
"2021-08-30 00:00:00",16986758.83,16986758.83
"2021-08-31 00:00:00",15777225.25,15777225.25
"2021-09-01 00:00:00",13575811.54,13575811.54
"2021-09-02 00:00:00",14858741.41,14858741.41
"2021-09-03 00:00:00",14429049.11,14429049.11
"2021-09-04 00:00:00",16530305.78,16530305.78
"2021-09-05 00:00:00",16062961.8,16062961.8
"2021-09-06 00:00:00",16226639.44,16226639.44
"2021-09-07 00:00:00",16689399.23,16689399.23
"2021-09-08 00:00:00",15973356.29,15973356.29
"2021-09-09 00:00:00",15166426.38,15166426.38
"2021-09-10 00:00:00",15414068.03,15414068.03
"2021-09-11 00:00:00",14830199.38,14830199.38
"2021-09-12 00:00:00",12792916.53,12792916.53
"2021-09-13 00:00:00",12618533.7,12618533.7
"2021-09-14 00:00:00",12580632.8,12580632.8
"2021-09-15 00:00:00",12840605.24,12840605.24
"2021-09-16 00:00:00",12285431.39,12285431.39
"2021-09-17 00:00:00",11550035.68,11550035.68
"2021-09-18 00:00:00",12004639.77,12004639.77
"2021-09-19 00:00:00",10685906.53,10685906.53
"2021-09-20 00:00:00",11195666.89,11195666.89
"2021-09-21 00:00:00",11426397.94,11426397.94
"2021-09-22 00:00:00",11856926.1,11856926.1
"2021-09-23 00:00:00",19149164.12,19149164.12
"2021-09-24 00:00:00",17186704.65,17186704.65
"2021-09-25 00:00:00",14689724.34,14689724.34
"2021-09-26 00:00:00",11969111.57,11969111.57
"2021-09-27 00:00:00",11392988.31,11392988.31
"2021-09-28 00:00:00",12978039.14,12978039.14
"2021-09-29 00:00:00",12637244.88,12637244.88
"2021-09-30 00:00:00",10001068.19,10001068.19
"2021-10-01 00:00:00",14923373.43,14923373.43
"2021-10-02 00:00:00",17686608.47,17686608.47
"2021-10-03 00:00:00",15930064.85,15930064.85
"2021-10-04 00:00:00",23441938.58,23441938.58
"2021-10-05 00:00:00",23508995.29,23508995.29
"2021-10-06 00:00:00",20186107.65,20186107.65
"2021-10-07 00:00:00",21555988.08,21555988.08
"2021-10-08 00:00:00",20655271.41,20655271.41
"2021-10-09 00:00:00",20871649.34,20871649.34
"2021-10-10 00:00:00",19546918.36,19546918.36
"2021-10-11 00:00:00",18906013.96,18906013.96
"2021-10-12 00:00:00",20361220.95,20361220.95
"2021-10-13 00:00:00",17710757.81,17710757.81
"2021-10-14 00:00:00",15301020.25,15301020.25
"2021-10-15 00:00:00",16371986.98,16371986.98
"2021-10-16 00:00:00",17001963.19,17001963.19
"2021-10-17 00:00:00",18318254.2,18318254.2
"2021-10-18 00:00:00",18293947.95,18293947.95
"2021-10-19 00:00:00",18417687.57,18417687.57
"2021-10-20 00:00:00",17013806.8,17013806.8
"2021-10-21 00:00:00",16857041.51,16857041.51
"2021-10-22 00:00:00",17189069.7,17189069.7
"2021-10-23 00:00:00",16918880.09,16918880.09
"2021-10-24 00:00:00",15218949.87,15218949.87
"2021-10-25 00:00:00",16616895.61,16616895.61
"2021-10-26 00:00:00",17103835.88,17103835.88
"2021-10-27 00:00:00",15698465.13,15698465.13
"2021-10-28 00:00:00",15558161.9,15558161.9
"2021-10-29 00:00:00",16343135.76,16343135.76
"2021-10-30 00:00:00",16531954.71,16531954.71
"2021-10-31 00:00:00",16774872.8,16774872.8
"2021-11-01 00:00:00",16700012.68,16700012.68
"2021-11-02 00:00:00",21541602.84,21541602.84
"2021-11-03 00:00:00",21596438.91,21596438.91
"2021-11-04 00:00:00",30383296.29,30383296.29
"2021-11-05 00:00:00",37440245.32,37440245.32
"2021-11-06 00:00:00",31597769.13,31597769.13
"2021-11-07 00:00:00",28871666.58,28871666.58
"2021-11-08 00:00:00",27241472.6,27241472.6
"2021-11-09 00:00:00",28383028.8,28383028.8
"2021-11-10 00:00:00",34678995.59,34678995.59
"2021-11-11 00:00:00",31716169.31,31716169.31
"2021-11-12 00:00:00",29654002.06,29654002.06
"2021-11-13 00:00:00",27877668.44,27877668.44
"2021-11-14 00:00:00",26172746.13,26172746.13
"2021-11-15 00:00:00",19169414.95,19169414.95
"2021-11-16 00:00:00",18350260.8,18350260.8
"2021-11-17 00:00:00",19113936.13,19113936.13
"2021-11-18 00:00:00",27905042.69,27905042.69
"2021-11-19 00:00:00",27237661.21,27237661.21
"2021-11-20 00:00:00",25710760.24,25710760.24
"2021-11-21 00:00:00",22465863.05,22465863.05
"2021-11-22 00:00:00",23288704.66,23288704.66
"2021-11-23 00:00:00",20751381.7,20751381.7
"2021-11-24 00:00:00",26681041.12,26681041.12
"2021-11-25 00:00:00",22477003.49,22477003.49
"2021-11-26 00:00:00",20354516.73,20354516.73
"2021-11-27 00:00:00",18158539.96,18158539.96
"2021-11-28 00:00:00",17705904.33,17705904.33
"2021-11-29 00:00:00",19821130.16,19821130.16
"2021-11-30 00:00:00",18822311.43,18822311.43
"2021-12-01 00:00:00",18739335.43,18739335.43
"2021-12-02 00:00:00",18299858.64,18299858.64
"2021-12-03 00:00:00",17404888.3,17404888.3
"2021-12-04 00:00:00",15141776.26,15141776.26
"2021-12-05 00:00:00",13623223.17,13623223.17
"2021-12-06 00:00:00",12811212.29,12811212.29
"2021-12-07 00:00:00",13567583.38,13567583.38
"2021-12-08 00:00:00",18061479.6,18061479.6
"2021-12-09 00:00:00",13402562.85,13402562.85
"2021-12-10 00:00:00",11666309.84,11666309.84
"2021-12-11 00:00:00",10036946.42,10036946.42
"2021-12-12 00:00:00",9397364.71,9397364.71
"2021-12-13 00:00:00",9971763.81,9971763.81
"2021-12-14 00:00:00",9713717.25,9713717.25
"2021-12-15 00:00:00",10144435.41,10144435.41
"2021-12-16 00:00:00",9536004.99,9536004.99
"2021-12-17 00:00:00",8272976.94,8272976.94
"2021-12-18 00:00:00",7295635.03,7295635.03
"2021-12-19 00:00:00",6990201.8,6990201.8
"2021-12-20 00:00:00",7295117.32,7295117.32
"2021-12-21 00:00:00",7142061.03,7142061.03
"2021-12-22 00:00:00",7479431.41,7479431.41
"2021-12-23 00:00:00",7120570.98,7120570.98
"2021-12-24 00:00:00",6303818.7,6303818.7
"2021-12-25 00:00:00",5149140.55,5149140.55
"2021-12-26 00:00:00",6189588.66,6189588.66
"2021-12-27 00:00:00",7075603.95,7075603.95
"2021-12-28 00:00:00",7026232.5,7026232.5
"2021-12-29 00:00:00",6783486.87,6783486.87
"2021-12-30 00:00:00",6601062.84,6601062.84
"2021-12-31 00:00:00",5711082.03,5711082.03
"2022-01-01 00:00:00",5275001.51,5275001.51
"2022-01-02 00:00:00",5826737.5,5826737.5
"2022-01-03 00:00:00",6011720.21,6011720.21
"2022-01-04 00:00:00",6092660.34,6092660.34
"2022-01-05 00:00:00",6513090.27,6513090.27
"2022-01-06 00:00:00",5126667.71,5126667.71
"2022-01-07 00:00:00",4560737.55,4560737.55
"2022-01-08 00:00:00",4186089.32,4186089.32
"2022-01-09 00:00:00",3673570.27,3673570.27
"2022-01-10 00:00:00",4577079.21,4577079.21
"2022-01-11 00:00:00",4078897.1,4078897.1
"2022-01-12 00:00:00",4385394.34,4385394.34
"2022-01-13 00:00:00",4389876.94,4389876.94
"2022-01-14 00:00:00",4375704.8,4375704.8
"2022-01-15 00:00:00",3897276.13,3897276.13
"2022-01-16 00:00:00",4799643.39,4799643.39
"2022-01-17 00:00:00",5392042.16,5392042.16
"2022-01-18 00:00:00",3335258.77,3335258.77
"2022-01-19 00:00:00",4889899.38,4889899.38
"2022-01-20 00:00:00",7139323.27,7139323.27
"2022-01-21 00:00:00",4643977.1,4643977.1
"2022-01-22 00:00:00",3172177.85,3172177.85
"2022-01-23 00:00:00",2898388.31,2898388.31
"2022-01-24 00:00:00",2757780.01,2757780.01
"2022-01-25 00:00:00",2848432.77,2848432.77
"2022-01-26 00:00:00",2676451.36,2676451.36
"2022-01-27 00:00:00",2644022.58,2644022.58
"2022-01-28 00:00:00",2464776.06,2464776.06
"2022-01-29 00:00:00",2353926.24,2353926.24
"2022-01-30 00:00:00",2135295.06,2135295.06
"2022-01-31 00:00:00",2102626.35,2102626.35
"2022-02-01 00:00:00",2048549.83,2048549.83
"2022-02-02 00:00:00",2007805.42,2007805.42
"2022-02-03 00:00:00",2394423.6,2394423.6
"2022-02-04 00:00:00",2974330.08,2974330.08
"2022-02-05 00:00:00",2243233.06,2243233.06
"2022-02-06 00:00:00",2247322.06,2247322.06
"2022-02-07 00:00:00",2942019.79,2942019.79
"2022-02-08 00:00:00",4215242.93,4215242.93
"2022-02-09 00:00:00",4900415.76,4900415.76
"2022-02-10 00:00:00",5638915.26,5638915.26
"2022-02-11 00:00:00",4539795.45,4539795.45
"2022-02-12 00:00:00",3184525.49,3184525.49
"2022-02-13 00:00:00",3114892.14,3114892.14
"2022-02-14 00:00:00",2774305.44,2774305.44
"2022-02-15 00:00:00",2935457.48,2935457.48
"2022-02-16 00:00:00",2320551.36,2320551.36
"2022-02-17 00:00:00",2414043.91,2414043.91
"2022-02-18 00:00:00",2388176.34,2388176.34
"2022-02-19 00:00:00",2391533.96,2391533.96
"2022-02-20 00:00:00",2379526.45,2379526.45
"2022-02-21 00:00:00",2398521.63,2398521.63
"2022-02-22 00:00:00",1951711.62,1951711.62
"2022-02-23 00:00:00",2007652.9,2007652.9
"2022-02-24 00:00:00",1922636.53,1922636.53
"2022-02-25 00:00:00",1793414.7,1793414.7
"2022-02-26 00:00:00",1596852.73,1596852.73
"2022-02-27 00:00:00",1523245.38,1523245.38
"2022-02-28 00:00:00",1632288.7,1632288.7
"2022-03-01 00:00:00",1566921.08,1566921.08
"2022-03-02 00:00:00",2580681.17,2580681.17
"2022-03-03 00:00:00",1438323.98,1438323.98
"2022-03-04 00:00:00",1394587.63,1394587.63
"2022-03-05 00:00:00",1407050.98,1407050.98
"2022-03-06 00:00:00",1249355.15,1249355.15
"2022-03-07 00:00:00",1539492.7,1539492.7
"2022-03-08 00:00:00",1104978.71,1104978.71
"2022-03-09 00:00:00",1323970.38,1323970.38
"2022-03-10 00:00:00",1274773.11,1274773.11
"2022-03-11 00:00:00",1161297.48,1161297.48
"2022-03-12 00:00:00",1157985.19,1157985.19
"2022-03-13 00:00:00",1077956.67,1077956.67
"2022-03-14 00:00:00",1157638.11,1157638.11
"2022-03-15 00:00:00",1161487.03,1161487.03
"2022-03-16 00:00:00",1075908.36,1075908.36
"2022-03-17 00:00:00",978055.39,978055.39
"2022-03-18 00:00:00",829995.06,829995.06
"2022-03-19 00:00:00",718603.81,718603.81
"2022-03-20 00:00:00",684602.72,684602.72
"2022-03-21 00:00:00",808888.59,808888.59
"2022-03-22 00:00:00",818692.8,818692.8
"2022-03-23 00:00:00",978942.1,978942.1
"2022-03-24 00:00:00",991713.85,991713.85
"2022-03-25 00:00:00",856949.64,856949.64
"2022-03-26 00:00:00",488960.02,488960.02
"2022-03-27 00:00:00",720985.97,720985.97
"2022-03-28 00:00:00",761795.59,761795.59
"2022-03-29 00:00:00",709537.91,709537.91
"2022-03-30 00:00:00",390133.62,390133.62
"2022-03-31 00:00:00",300782.85,300782.85
"2022-04-01 00:00:00",204471.83,204471.83
"2022-04-02 00:00:00",251973.21,251973.21
"2022-04-03 00:00:00",196444.38,196444.38
"2022-04-04 00:00:00",241111.47,241111.47
"2022-04-05 00:00:00",299841.48,299841.48
"2022-04-06 00:00:00",1258070.61,1258070.61
"2022-04-07 00:00:00",1259763.61,1259763.61
"2022-04-08 00:00:00",966291.27,966291.27
"2022-04-09 00:00:00",690557.6,690557.6
"2022-04-10 00:00:00",623373.29,623373.29
"2022-04-11 00:00:00",711317.97,711317.97
"2022-04-12 00:00:00",797882,797882
"2022-04-13 00:00:00",569550.53,569550.53
"2022-04-14 00:00:00",561195.77,561195.77
"2022-04-15 00:00:00",674327.66,674327.66
"2022-04-16 00:00:00",567773.82,567773.82
"2022-04-17 00:00:00",523739.15,523739.15
"2022-04-18 00:00:00",682700.35,682700.35
"2022-04-19 00:00:00",560160.03,560160.03
"2022-04-19 23:59:59",581468.22,581468.22
"2022-04-20 23:59:59",599322.03,599322.03
"2022-04-21 23:59:59",641887.52,641887.52
"2022-04-22 23:59:59",562288.13,562288.13
"2022-04-23 23:59:59",484386.4,484386.4
"2022-04-24 23:59:59",643936.95,643936.95
"2022-04-25 23:59:59",613118.91,613118.91
"2022-04-26 23:59:59",581204.32,581204.32
"2022-04-27 23:59:59",113312.69,113312.69
"2022-04-28 23:59:59",338213.66,338213.66
"2022-04-29 23:59:59",431521.08,431521.08
"2022-05-01 00:00:00",715418.49,715418.49
"2022-05-02 00:00:00",761188.69,761188.69
"2022-05-03 00:00:00",2220773.14,2220773.14
"2022-05-04 00:00:00",855635.83,855635.83
"2022-05-05 00:00:00",452896.98,452896.98
"2022-05-06 00:00:00",341647.96,341647.96
"2022-05-07 00:00:00",280037.2,280037.2
"2022-05-08 00:00:00",246876.43,246876.43
"2022-05-09 00:00:00",322844.13,322844.13
"2022-05-10 00:00:00",233936.45,233936.45
"2022-05-11 00:00:00",340879.63,340879.63
"2022-05-12 00:00:00",599202.52,599202.52
"2022-05-13 00:00:00",280811.25,280811.25
"2022-05-14 00:00:00",132616.7,132616.7
"2022-05-15 00:00:00",231420.31,231420.31